format,print_mode,material,quantity,eur,dkk_base,tier_multiplier,dkk_final,detail_url
21x21 salgsmappe med UV Spotlak,4+0,"0,36 mm starker Bilderdruckkarton 350g matt für 5mm",100,193.44,1450.8,1.6,2321,https://www.wir-machen-druck.de/mappe-fuer-quadrat-21-x-21-cm-2teilig-mit-2-laschen-40-farbig-aussenseite-bedruckt-mit-partieller-uvlackveredelung.html
21x21 salgsmappe med UV Spotlak,4+0,"0,36 mm starker Bilderdruckkarton 350g matt für 5mm",150,227.76,1708.2,1.6,2733,https://www.wir-machen-druck.de/mappe-fuer-quadrat-21-x-21-cm-2teilig-mit-2-laschen-40-farbig-aussenseite-bedruckt-mit-partieller-uvlackveredelung.html
21x21 salgsmappe med UV Spotlak,4+0,"0,36 mm starker Bilderdruckkarton 350g matt für 5mm",200,236.31,1772.325,1.6,2836,https://www.wir-machen-druck.de/mappe-fuer-quadrat-21-x-21-cm-2teilig-mit-2-laschen-40-farbig-aussenseite-bedruckt-mit-partieller-uvlackveredelung.html
21x21 salgsmappe med UV Spotlak,4+0,"0,36 mm starker Bilderdruckkarton 350g matt für 5mm",250,252.59,1894.425,1.6,3031,https://www.wir-machen-druck.de/mappe-fuer-quadrat-21-x-21-cm-2teilig-mit-2-laschen-40-farbig-aussenseite-bedruckt-mit-partieller-uvlackveredelung.html
21x21 salgsmappe med UV Spotlak,4+0,"0,36 mm starker Bilderdruckkarton 350g matt für 5mm",500,295.59,2216.925,1.5,3325,https://www.wir-machen-druck.de/mappe-fuer-quadrat-21-x-21-cm-2teilig-mit-2-laschen-40-farbig-aussenseite-bedruckt-mit-partieller-uvlackveredelung.html
21x21 salgsmappe med UV Spotlak,4+0,"0,36 mm starker Bilderdruckkarton 350g matt für 5mm",750,413.57,3101.775,1.5,4653,https://www.wir-machen-druck.de/mappe-fuer-quadrat-21-x-21-cm-2teilig-mit-2-laschen-40-farbig-aussenseite-bedruckt-mit-partieller-uvlackveredelung.html
21x21 salgsmappe med UV Spotlak,4+0,"0,36 mm starker Bilderdruckkarton 350g matt für 5mm",1000,452.9,3396.75,1.5,5095,https://www.wir-machen-druck.de/mappe-fuer-quadrat-21-x-21-cm-2teilig-mit-2-laschen-40-farbig-aussenseite-bedruckt-mit-partieller-uvlackveredelung.html
21x21 salgsmappe med UV Spotlak,4+0,"0,36 mm starker Bilderdruckkarton 350g matt für 5mm",1500,748.18,5611.35,1.4,7856,https://www.wir-machen-druck.de/mappe-fuer-quadrat-21-x-21-cm-2teilig-mit-2-laschen-40-farbig-aussenseite-bedruckt-mit-partieller-uvlackveredelung.html
21x21 salgsmappe med UV Spotlak,4+0,"0,36 mm starker Bilderdruckkarton 350g matt für 5mm",2000,818.54,6139.05,1.4,8595,https://www.wir-machen-druck.de/mappe-fuer-quadrat-21-x-21-cm-2teilig-mit-2-laschen-40-farbig-aussenseite-bedruckt-mit-partieller-uvlackveredelung.html
21x21 salgsmappe med UV Spotlak,4+0,"0,36 mm starker Bilderdruckkarton 350g matt für 5mm",2500,888.91,6666.825,1.4,9334,https://www.wir-machen-druck.de/mappe-fuer-quadrat-21-x-21-cm-2teilig-mit-2-laschen-40-farbig-aussenseite-bedruckt-mit-partieller-uvlackveredelung.html
21x21 salgsmappe med UV Spotlak,4+0,"0,36 mm starker Bilderdruckkarton 350g matt für 5mm",3000,1318.57,9889.275,1.4,13845,https://www.wir-machen-druck.de/mappe-fuer-quadrat-21-x-21-cm-2teilig-mit-2-laschen-40-farbig-aussenseite-bedruckt-mit-partieller-uvlackveredelung.html
21x21 salgsmappe med UV Spotlak,4+0,"0,36 mm starker Bilderdruckkarton 350g matt für 5mm",4000,1461.79,10963.425,1.3,14252,https://www.wir-machen-druck.de/mappe-fuer-quadrat-21-x-21-cm-2teilig-mit-2-laschen-40-farbig-aussenseite-bedruckt-mit-partieller-uvlackveredelung.html
21x21 salgsmappe med UV Spotlak,4+0,"0,36 mm starker Bilderdruckkarton 350g matt für 5mm",5000,1605.02,12037.65,1.3,15649,https://www.wir-machen-druck.de/mappe-fuer-quadrat-21-x-21-cm-2teilig-mit-2-laschen-40-farbig-aussenseite-bedruckt-mit-partieller-uvlackveredelung.html
21x21 salgsmappe med UV Spotlak,4+0,"0,40 mm starker Chromokarton 255g für 5mm",100,177.57,1331.775,1.6,2131,https://www.wir-machen-druck.de/mappe-fuer-quadrat-21-x-21-cm-2teilig-mit-2-laschen-40-farbig-aussenseite-bedruckt-mit-partieller-uvlackveredelung.html
21x21 salgsmappe med UV Spotlak,4+0,"0,40 mm starker Chromokarton 255g für 5mm",150,209.07,1568.025,1.6,2509,https://www.wir-machen-druck.de/mappe-fuer-quadrat-21-x-21-cm-2teilig-mit-2-laschen-40-farbig-aussenseite-bedruckt-mit-partieller-uvlackveredelung.html
21x21 salgsmappe med UV Spotlak,4+0,"0,40 mm starker Chromokarton 255g für 5mm",200,216.92,1626.9,1.6,2603,https://www.wir-machen-druck.de/mappe-fuer-quadrat-21-x-21-cm-2teilig-mit-2-laschen-40-farbig-aussenseite-bedruckt-mit-partieller-uvlackveredelung.html
21x21 salgsmappe med UV Spotlak,4+0,"0,40 mm starker Chromokarton 255g für 5mm",250,224.8,1686,1.6,2698,https://www.wir-machen-druck.de/mappe-fuer-quadrat-21-x-21-cm-2teilig-mit-2-laschen-40-farbig-aussenseite-bedruckt-mit-partieller-uvlackveredelung.html
21x21 salgsmappe med UV Spotlak,4+0,"0,40 mm starker Chromokarton 255g für 5mm",500,263.06,1972.95,1.6,3157,https://www.wir-machen-druck.de/mappe-fuer-quadrat-21-x-21-cm-2teilig-mit-2-laschen-40-farbig-aussenseite-bedruckt-mit-partieller-uvlackveredelung.html
21x21 salgsmappe med UV Spotlak,4+0,"0,40 mm starker Chromokarton 255g für 5mm",750,368.06,2760.45,1.5,4141,https://www.wir-machen-druck.de/mappe-fuer-quadrat-21-x-21-cm-2teilig-mit-2-laschen-40-farbig-aussenseite-bedruckt-mit-partieller-uvlackveredelung.html
21x21 salgsmappe med UV Spotlak,4+0,"0,40 mm starker Chromokarton 255g für 5mm",1000,403.06,3022.95,1.5,4534,https://www.wir-machen-druck.de/mappe-fuer-quadrat-21-x-21-cm-2teilig-mit-2-laschen-40-farbig-aussenseite-bedruckt-mit-partieller-uvlackveredelung.html
21x21 salgsmappe med UV Spotlak,4+0,"0,40 mm starker Chromokarton 255g für 5mm",1500,646.64,4849.8,1.5,7275,https://www.wir-machen-druck.de/mappe-fuer-quadrat-21-x-21-cm-2teilig-mit-2-laschen-40-farbig-aussenseite-bedruckt-mit-partieller-uvlackveredelung.html
21x21 salgsmappe med UV Spotlak,4+0,"0,40 mm starker Chromokarton 255g für 5mm",2000,707.46,5305.95,1.4,7428,https://www.wir-machen-druck.de/mappe-fuer-quadrat-21-x-21-cm-2teilig-mit-2-laschen-40-farbig-aussenseite-bedruckt-mit-partieller-uvlackveredelung.html
21x21 salgsmappe med UV Spotlak,4+0,"0,40 mm starker Chromokarton 255g für 5mm",2500,768.28,5762.1,1.4,8067,https://www.wir-machen-druck.de/mappe-fuer-quadrat-21-x-21-cm-2teilig-mit-2-laschen-40-farbig-aussenseite-bedruckt-mit-partieller-uvlackveredelung.html
21x21 salgsmappe med UV Spotlak,4+0,"0,40 mm starker Chromokarton 255g für 5mm",3000,1139.63,8547.225,1.4,11966,https://www.wir-machen-druck.de/mappe-fuer-quadrat-21-x-21-cm-2teilig-mit-2-laschen-40-farbig-aussenseite-bedruckt-mit-partieller-uvlackveredelung.html
21x21 salgsmappe med UV Spotlak,4+0,"0,40 mm starker Chromokarton 255g für 5mm",4000,1263.41,9475.575,1.4,13266,https://www.wir-machen-druck.de/mappe-fuer-quadrat-21-x-21-cm-2teilig-mit-2-laschen-40-farbig-aussenseite-bedruckt-mit-partieller-uvlackveredelung.html
21x21 salgsmappe med UV Spotlak,4+0,"0,40 mm starker Chromokarton 255g für 5mm",5000,1387.2,10404,1.3,13525,https://www.wir-machen-druck.de/mappe-fuer-quadrat-21-x-21-cm-2teilig-mit-2-laschen-40-farbig-aussenseite-bedruckt-mit-partieller-uvlackveredelung.html
21x21 salgsmappe med UV Spotlak,4+4,"0,36 mm starker Bilderdruckkarton 350g matt für 5mm",100,204.84,1536.3,1.6,2458,https://www.wir-machen-druck.de/mappe-fuer-quadrat-21-x-21-cm-2teilig-mit-2-laschen-44-farbig-aussen-und-innenseite-bedruckt-mit-partieller-uvlackveredelung.html
21x21 salgsmappe med UV Spotlak,4+4,"0,36 mm starker Bilderdruckkarton 350g matt für 5mm",150,234.29,1757.175,1.6,2811,https://www.wir-machen-druck.de/mappe-fuer-quadrat-21-x-21-cm-2teilig-mit-2-laschen-44-farbig-aussen-und-innenseite-bedruckt-mit-partieller-uvlackveredelung.html
21x21 salgsmappe med UV Spotlak,4+4,"0,36 mm starker Bilderdruckkarton 350g matt für 5mm",200,241.67,1812.525,1.6,2900,https://www.wir-machen-druck.de/mappe-fuer-quadrat-21-x-21-cm-2teilig-mit-2-laschen-44-farbig-aussen-und-innenseite-bedruckt-mit-partieller-uvlackveredelung.html
21x21 salgsmappe med UV Spotlak,4+4,"0,36 mm starker Bilderdruckkarton 350g matt für 5mm",250,257.2,1929,1.6,3086,https://www.wir-machen-druck.de/mappe-fuer-quadrat-21-x-21-cm-2teilig-mit-2-laschen-44-farbig-aussen-und-innenseite-bedruckt-mit-partieller-uvlackveredelung.html
21x21 salgsmappe med UV Spotlak,4+4,"0,36 mm starker Bilderdruckkarton 350g matt für 5mm",500,342.59,2569.425,1.5,3854,https://www.wir-machen-druck.de/mappe-fuer-quadrat-21-x-21-cm-2teilig-mit-2-laschen-44-farbig-aussen-und-innenseite-bedruckt-mit-partieller-uvlackveredelung.html
21x21 salgsmappe med UV Spotlak,4+4,"0,36 mm starker Bilderdruckkarton 350g matt für 5mm",750,441.32,3309.9,1.5,4965,https://www.wir-machen-druck.de/mappe-fuer-quadrat-21-x-21-cm-2teilig-mit-2-laschen-44-farbig-aussen-und-innenseite-bedruckt-mit-partieller-uvlackveredelung.html
21x21 salgsmappe med UV Spotlak,4+4,"0,36 mm starker Bilderdruckkarton 350g matt für 5mm",1000,474.23,3556.725,1.5,5335,https://www.wir-machen-druck.de/mappe-fuer-quadrat-21-x-21-cm-2teilig-mit-2-laschen-44-farbig-aussen-und-innenseite-bedruckt-mit-partieller-uvlackveredelung.html
21x21 salgsmappe med UV Spotlak,4+4,"0,36 mm starker Bilderdruckkarton 350g matt für 5mm",1500,783.41,5875.575,1.4,8226,https://www.wir-machen-druck.de/mappe-fuer-quadrat-21-x-21-cm-2teilig-mit-2-laschen-44-farbig-aussen-und-innenseite-bedruckt-mit-partieller-uvlackveredelung.html
21x21 salgsmappe med UV Spotlak,4+4,"0,36 mm starker Bilderdruckkarton 350g matt für 5mm",2000,856.96,6427.2,1.4,8998,https://www.wir-machen-druck.de/mappe-fuer-quadrat-21-x-21-cm-2teilig-mit-2-laschen-44-farbig-aussen-und-innenseite-bedruckt-mit-partieller-uvlackveredelung.html
21x21 salgsmappe med UV Spotlak,4+4,"0,36 mm starker Bilderdruckkarton 350g matt für 5mm",2500,930.49,6978.675,1.4,9770,https://www.wir-machen-druck.de/mappe-fuer-quadrat-21-x-21-cm-2teilig-mit-2-laschen-44-farbig-aussen-und-innenseite-bedruckt-mit-partieller-uvlackveredelung.html
21x21 salgsmappe med UV Spotlak,4+4,"0,36 mm starker Bilderdruckkarton 350g matt für 5mm",3000,1356.37,10172.775,1.3,13225,https://www.wir-machen-druck.de/mappe-fuer-quadrat-21-x-21-cm-2teilig-mit-2-laschen-44-farbig-aussen-und-innenseite-bedruckt-mit-partieller-uvlackveredelung.html
21x21 salgsmappe med UV Spotlak,4+4,"0,36 mm starker Bilderdruckkarton 350g matt für 5mm",4000,1498.35,11237.625,1.3,14609,https://www.wir-machen-druck.de/mappe-fuer-quadrat-21-x-21-cm-2teilig-mit-2-laschen-44-farbig-aussen-und-innenseite-bedruckt-mit-partieller-uvlackveredelung.html
21x21 salgsmappe med UV Spotlak,4+4,"0,36 mm starker Bilderdruckkarton 350g matt für 5mm",5000,1640.3,12302.25,1.3,15993,https://www.wir-machen-druck.de/mappe-fuer-quadrat-21-x-21-cm-2teilig-mit-2-laschen-44-farbig-aussen-und-innenseite-bedruckt-mit-partieller-uvlackveredelung.html
21x21 salgsmappe med UV Spotlak,4+4,"0,40 mm starker Chromokarton 255g für 5mm",100,195.59,1466.925,1.6,2347,https://www.wir-machen-druck.de/mappe-fuer-quadrat-21-x-21-cm-2teilig-mit-2-laschen-44-farbig-aussen-und-innenseite-bedruckt-mit-partieller-uvlackveredelung.html
21x21 salgsmappe med UV Spotlak,4+4,"0,40 mm starker Chromokarton 255g für 5mm",150,223.71,1677.825,1.6,2685,https://www.wir-machen-druck.de/mappe-fuer-quadrat-21-x-21-cm-2teilig-mit-2-laschen-44-farbig-aussen-und-innenseite-bedruckt-mit-partieller-uvlackveredelung.html
21x21 salgsmappe med UV Spotlak,4+4,"0,40 mm starker Chromokarton 255g für 5mm",200,230.76,1730.7,1.6,2769,https://www.wir-machen-druck.de/mappe-fuer-quadrat-21-x-21-cm-2teilig-mit-2-laschen-44-farbig-aussen-und-innenseite-bedruckt-mit-partieller-uvlackveredelung.html
21x21 salgsmappe med UV Spotlak,4+4,"0,40 mm starker Chromokarton 255g für 5mm",250,237.8,1783.5,1.6,2854,https://www.wir-machen-druck.de/mappe-fuer-quadrat-21-x-21-cm-2teilig-mit-2-laschen-44-farbig-aussen-und-innenseite-bedruckt-mit-partieller-uvlackveredelung.html
21x21 salgsmappe med UV Spotlak,4+4,"0,40 mm starker Chromokarton 255g für 5mm",500,316.75,2375.625,1.5,3563,https://www.wir-machen-druck.de/mappe-fuer-quadrat-21-x-21-cm-2teilig-mit-2-laschen-44-farbig-aussen-und-innenseite-bedruckt-mit-partieller-uvlackveredelung.html
21x21 salgsmappe med UV Spotlak,4+4,"0,40 mm starker Chromokarton 255g für 5mm",750,408.03,3060.225,1.5,4590,https://www.wir-machen-druck.de/mappe-fuer-quadrat-21-x-21-cm-2teilig-mit-2-laschen-44-farbig-aussen-und-innenseite-bedruckt-mit-partieller-uvlackveredelung.html
21x21 salgsmappe med UV Spotlak,4+4,"0,40 mm starker Chromokarton 255g für 5mm",1000,438.45,3288.375,1.5,4933,https://www.wir-machen-druck.de/mappe-fuer-quadrat-21-x-21-cm-2teilig-mit-2-laschen-44-farbig-aussen-und-innenseite-bedruckt-mit-partieller-uvlackveredelung.html
21x21 salgsmappe med UV Spotlak,4+4,"0,40 mm starker Chromokarton 255g für 5mm",1500,702.62,5269.65,1.4,7378,https://www.wir-machen-druck.de/mappe-fuer-quadrat-21-x-21-cm-2teilig-mit-2-laschen-44-farbig-aussen-und-innenseite-bedruckt-mit-partieller-uvlackveredelung.html
21x21 salgsmappe med UV Spotlak,4+4,"0,40 mm starker Chromokarton 255g für 5mm",2000,768.58,5764.35,1.4,8070,https://www.wir-machen-druck.de/mappe-fuer-quadrat-21-x-21-cm-2teilig-mit-2-laschen-44-farbig-aussen-und-innenseite-bedruckt-mit-partieller-uvlackveredelung.html
21x21 salgsmappe med UV Spotlak,4+4,"0,40 mm starker Chromokarton 255g für 5mm",2500,834.53,6258.975,1.4,8763,https://www.wir-machen-druck.de/mappe-fuer-quadrat-21-x-21-cm-2teilig-mit-2-laschen-44-farbig-aussen-und-innenseite-bedruckt-mit-partieller-uvlackveredelung.html
21x21 salgsmappe med UV Spotlak,4+4,"0,40 mm starker Chromokarton 255g für 5mm",3000,1216.49,9123.675,1.4,12773,https://www.wir-machen-druck.de/mappe-fuer-quadrat-21-x-21-cm-2teilig-mit-2-laschen-44-farbig-aussen-und-innenseite-bedruckt-mit-partieller-uvlackveredelung.html
21x21 salgsmappe med UV Spotlak,4+4,"0,40 mm starker Chromokarton 255g für 5mm",4000,1343.82,10078.65,1.3,13102,https://www.wir-machen-druck.de/mappe-fuer-quadrat-21-x-21-cm-2teilig-mit-2-laschen-44-farbig-aussen-und-innenseite-bedruckt-mit-partieller-uvlackveredelung.html
21x21 salgsmappe med UV Spotlak,4+4,"0,40 mm starker Chromokarton 255g für 5mm",5000,1471.13,11033.475,1.3,14344,https://www.wir-machen-druck.de/mappe-fuer-quadrat-21-x-21-cm-2teilig-mit-2-laschen-44-farbig-aussen-und-innenseite-bedruckt-mit-partieller-uvlackveredelung.html
A4 salgsmappe med UV Spotlak,4+0,"0,36 mm starker Bilderdruckkarton 350g matt für 5mm",50,172.67,1295.025,1.6,2072,https://www.wir-machen-druck.de/mappe-fuer-din-a4-2teilig-mit-2-laschen-40-farbig-aussenseite-bedruckt-mit-partieller-uvlackveredelung.html
A4 salgsmappe med UV Spotlak,4+0,"0,36 mm starker Bilderdruckkarton 350g matt für 5mm",75,181.59,1361.925,1.6,2179,https://www.wir-machen-druck.de/mappe-fuer-din-a4-2teilig-mit-2-laschen-40-farbig-aussenseite-bedruckt-mit-partieller-uvlackveredelung.html
A4 salgsmappe med UV Spotlak,4+0,"0,36 mm starker Bilderdruckkarton 350g matt für 5mm",100,190.52,1428.9,1.6,2286,https://www.wir-machen-druck.de/mappe-fuer-din-a4-2teilig-mit-2-laschen-40-farbig-aussenseite-bedruckt-mit-partieller-uvlackveredelung.html
A4 salgsmappe med UV Spotlak,4+0,"0,36 mm starker Bilderdruckkarton 350g matt für 5mm",150,218.79,1640.925,1.6,2625,https://www.wir-machen-druck.de/mappe-fuer-din-a4-2teilig-mit-2-laschen-40-farbig-aussenseite-bedruckt-mit-partieller-uvlackveredelung.html
A4 salgsmappe med UV Spotlak,4+0,"0,36 mm starker Bilderdruckkarton 350g matt für 5mm",200,225.86,1693.95,1.6,2710,https://www.wir-machen-druck.de/mappe-fuer-din-a4-2teilig-mit-2-laschen-40-farbig-aussenseite-bedruckt-mit-partieller-uvlackveredelung.html
A4 salgsmappe med UV Spotlak,4+0,"0,36 mm starker Bilderdruckkarton 350g matt für 5mm",250,240.26,1801.95,1.6,2883,https://www.wir-machen-druck.de/mappe-fuer-din-a4-2teilig-mit-2-laschen-40-farbig-aussenseite-bedruckt-mit-partieller-uvlackveredelung.html
A4 salgsmappe med UV Spotlak,4+0,"0,36 mm starker Bilderdruckkarton 350g matt für 5mm",500,323.51,2426.325,1.5,3639,https://www.wir-machen-druck.de/mappe-fuer-din-a4-2teilig-mit-2-laschen-40-farbig-aussenseite-bedruckt-mit-partieller-uvlackveredelung.html
A4 salgsmappe med UV Spotlak,4+0,"0,36 mm starker Bilderdruckkarton 350g matt für 5mm",750,441.28,3309.6,1.5,4964,https://www.wir-machen-druck.de/mappe-fuer-din-a4-2teilig-mit-2-laschen-40-farbig-aussenseite-bedruckt-mit-partieller-uvlackveredelung.html
A4 salgsmappe med UV Spotlak,4+0,"0,36 mm starker Bilderdruckkarton 350g matt für 5mm",1000,480.52,3603.9,1.5,5406,https://www.wir-machen-druck.de/mappe-fuer-din-a4-2teilig-mit-2-laschen-40-farbig-aussenseite-bedruckt-mit-partieller-uvlackveredelung.html
A4 salgsmappe med UV Spotlak,4+0,"0,36 mm starker Bilderdruckkarton 350g matt für 5mm",1500,835.42,6265.65,1.4,8772,https://www.wir-machen-druck.de/mappe-fuer-din-a4-2teilig-mit-2-laschen-40-farbig-aussenseite-bedruckt-mit-partieller-uvlackveredelung.html
A4 salgsmappe med UV Spotlak,4+0,"0,36 mm starker Bilderdruckkarton 350g matt für 5mm",2000,920.48,6903.6,1.4,9665,https://www.wir-machen-druck.de/mappe-fuer-din-a4-2teilig-mit-2-laschen-40-farbig-aussenseite-bedruckt-mit-partieller-uvlackveredelung.html
A4 salgsmappe med UV Spotlak,4+0,"0,36 mm starker Bilderdruckkarton 350g matt für 5mm",2500,1005.54,7541.55,1.4,10558,https://www.wir-machen-druck.de/mappe-fuer-din-a4-2teilig-mit-2-laschen-40-farbig-aussenseite-bedruckt-mit-partieller-uvlackveredelung.html
A4 salgsmappe med UV Spotlak,4+0,"0,36 mm starker Bilderdruckkarton 350g matt für 5mm",3000,1521.78,11413.35,1.3,14837,https://www.wir-machen-druck.de/mappe-fuer-din-a4-2teilig-mit-2-laschen-40-farbig-aussenseite-bedruckt-mit-partieller-uvlackveredelung.html
A4 salgsmappe med UV Spotlak,4+0,"0,36 mm starker Bilderdruckkarton 350g matt für 5mm",4000,1693.84,12703.8,1.3,16515,https://www.wir-machen-druck.de/mappe-fuer-din-a4-2teilig-mit-2-laschen-40-farbig-aussenseite-bedruckt-mit-partieller-uvlackveredelung.html
A4 salgsmappe med UV Spotlak,4+0,"0,36 mm starker Bilderdruckkarton 350g matt für 5mm",5000,1865.92,13994.4,1.3,18193,https://www.wir-machen-druck.de/mappe-fuer-din-a4-2teilig-mit-2-laschen-40-farbig-aussenseite-bedruckt-mit-partieller-uvlackveredelung.html
A4 salgsmappe med UV Spotlak,4+0,"0,40 mm starker Chromokarton 255g für 5mm",50,158.51,1188.825,1.6,1902,https://www.wir-machen-druck.de/mappe-fuer-din-a4-2teilig-mit-2-laschen-40-farbig-aussenseite-bedruckt-mit-partieller-uvlackveredelung.html
A4 salgsmappe med UV Spotlak,4+0,"0,40 mm starker Chromokarton 255g für 5mm",75,166.7,1250.25,1.6,2000,https://www.wir-machen-druck.de/mappe-fuer-din-a4-2teilig-mit-2-laschen-40-farbig-aussenseite-bedruckt-mit-partieller-uvlackveredelung.html
A4 salgsmappe med UV Spotlak,4+0,"0,40 mm starker Chromokarton 255g für 5mm",100,174.89,1311.675,1.6,2099,https://www.wir-machen-druck.de/mappe-fuer-din-a4-2teilig-mit-2-laschen-40-farbig-aussenseite-bedruckt-mit-partieller-uvlackveredelung.html
A4 salgsmappe med UV Spotlak,4+0,"0,40 mm starker Chromokarton 255g für 5mm",150,200.84,1506.3,1.6,2410,https://www.wir-machen-druck.de/mappe-fuer-din-a4-2teilig-mit-2-laschen-40-farbig-aussenseite-bedruckt-mit-partieller-uvlackveredelung.html
A4 salgsmappe med UV Spotlak,4+0,"0,40 mm starker Chromokarton 255g für 5mm",200,207.33,1554.975,1.6,2488,https://www.wir-machen-druck.de/mappe-fuer-din-a4-2teilig-mit-2-laschen-40-farbig-aussenseite-bedruckt-mit-partieller-uvlackveredelung.html
A4 salgsmappe med UV Spotlak,4+0,"0,40 mm starker Chromokarton 255g für 5mm",250,213.82,1603.65,1.6,2566,https://www.wir-machen-druck.de/mappe-fuer-din-a4-2teilig-mit-2-laschen-40-farbig-aussenseite-bedruckt-mit-partieller-uvlackveredelung.html
A4 salgsmappe med UV Spotlak,4+0,"0,40 mm starker Chromokarton 255g für 5mm",500,287.91,2159.325,1.5,3239,https://www.wir-machen-druck.de/mappe-fuer-din-a4-2teilig-mit-2-laschen-40-farbig-aussenseite-bedruckt-mit-partieller-uvlackveredelung.html
A4 salgsmappe med UV Spotlak,4+0,"0,40 mm starker Chromokarton 255g für 5mm",750,392.72,2945.4,1.5,4418,https://www.wir-machen-druck.de/mappe-fuer-din-a4-2teilig-mit-2-laschen-40-farbig-aussenseite-bedruckt-mit-partieller-uvlackveredelung.html
A4 salgsmappe med UV Spotlak,4+0,"0,40 mm starker Chromokarton 255g für 5mm",1000,427.64,3207.3,1.5,4811,https://www.wir-machen-druck.de/mappe-fuer-din-a4-2teilig-mit-2-laschen-40-farbig-aussenseite-bedruckt-mit-partieller-uvlackveredelung.html
A4 salgsmappe med UV Spotlak,4+0,"0,40 mm starker Chromokarton 255g für 5mm",1500,722.05,5415.375,1.4,7582,https://www.wir-machen-druck.de/mappe-fuer-din-a4-2teilig-mit-2-laschen-40-farbig-aussenseite-bedruckt-mit-partieller-uvlackveredelung.html
A4 salgsmappe med UV Spotlak,4+0,"0,40 mm starker Chromokarton 255g für 5mm",2000,795.56,5966.7,1.4,8353,https://www.wir-machen-druck.de/mappe-fuer-din-a4-2teilig-mit-2-laschen-40-farbig-aussenseite-bedruckt-mit-partieller-uvlackveredelung.html
A4 salgsmappe med UV Spotlak,4+0,"0,40 mm starker Chromokarton 255g für 5mm",2500,869.08,6518.1,1.4,9125,https://www.wir-machen-druck.de/mappe-fuer-din-a4-2teilig-mit-2-laschen-40-farbig-aussenseite-bedruckt-mit-partieller-uvlackveredelung.html
A4 salgsmappe med UV Spotlak,4+0,"0,40 mm starker Chromokarton 255g für 5mm",3000,1315.26,9864.45,1.4,13810,https://www.wir-machen-druck.de/mappe-fuer-din-a4-2teilig-mit-2-laschen-40-farbig-aussenseite-bedruckt-mit-partieller-uvlackveredelung.html
A4 salgsmappe med UV Spotlak,4+0,"0,40 mm starker Chromokarton 255g für 5mm",4000,1463.97,10979.775,1.3,14274,https://www.wir-machen-druck.de/mappe-fuer-din-a4-2teilig-mit-2-laschen-40-farbig-aussenseite-bedruckt-mit-partieller-uvlackveredelung.html
A4 salgsmappe med UV Spotlak,4+0,"0,40 mm starker Chromokarton 255g für 5mm",5000,1612.69,12095.175,1.3,15724,https://www.wir-machen-druck.de/mappe-fuer-din-a4-2teilig-mit-2-laschen-40-farbig-aussenseite-bedruckt-mit-partieller-uvlackveredelung.html
A4 salgsmappe med UV Spotlak,4+4,"0,36 mm starker Bilderdruckkarton 350g matt für 5mm",50,188.44,1413.3,1.6,2261,https://www.wir-machen-druck.de/mappe-fuer-din-a4-2teilig-mit-2-laschen-44-farbig-aussen-und-innenseite-bedruckt-mit-partieller-uvlackveredelung.html
A4 salgsmappe med UV Spotlak,4+4,"0,36 mm starker Bilderdruckkarton 350g matt für 5mm",75,196.36,1472.7,1.6,2356,https://www.wir-machen-druck.de/mappe-fuer-din-a4-2teilig-mit-2-laschen-44-farbig-aussen-und-innenseite-bedruckt-mit-partieller-uvlackveredelung.html
A4 salgsmappe med UV Spotlak,4+4,"0,36 mm starker Bilderdruckkarton 350g matt für 5mm",100,209.55,1571.625,1.6,2515,https://www.wir-machen-druck.de/mappe-fuer-din-a4-2teilig-mit-2-laschen-44-farbig-aussen-und-innenseite-bedruckt-mit-partieller-uvlackveredelung.html
A4 salgsmappe med UV Spotlak,4+4,"0,36 mm starker Bilderdruckkarton 350g matt für 5mm",150,240.27,1802.025,1.6,2883,https://www.wir-machen-druck.de/mappe-fuer-din-a4-2teilig-mit-2-laschen-44-farbig-aussen-und-innenseite-bedruckt-mit-partieller-uvlackveredelung.html
A4 salgsmappe med UV Spotlak,4+4,"0,36 mm starker Bilderdruckkarton 350g matt für 5mm",200,247.93,1859.475,1.6,2975,https://www.wir-machen-druck.de/mappe-fuer-din-a4-2teilig-mit-2-laschen-44-farbig-aussen-und-innenseite-bedruckt-mit-partieller-uvlackveredelung.html
A4 salgsmappe med UV Spotlak,4+4,"0,36 mm starker Bilderdruckkarton 350g matt für 5mm",250,263.97,1979.775,1.6,3168,https://www.wir-machen-druck.de/mappe-fuer-din-a4-2teilig-mit-2-laschen-44-farbig-aussen-und-innenseite-bedruckt-mit-partieller-uvlackveredelung.html
A4 salgsmappe med UV Spotlak,4+4,"0,36 mm starker Bilderdruckkarton 350g matt für 5mm",500,345.47,2591.025,1.5,3887,https://www.wir-machen-druck.de/mappe-fuer-din-a4-2teilig-mit-2-laschen-44-farbig-aussen-und-innenseite-bedruckt-mit-partieller-uvlackveredelung.html
A4 salgsmappe med UV Spotlak,4+4,"0,36 mm starker Bilderdruckkarton 350g matt für 5mm",750,470.07,3525.525,1.5,5288,https://www.wir-machen-druck.de/mappe-fuer-din-a4-2teilig-mit-2-laschen-44-farbig-aussen-und-innenseite-bedruckt-mit-partieller-uvlackveredelung.html
A4 salgsmappe med UV Spotlak,4+4,"0,36 mm starker Bilderdruckkarton 350g matt für 5mm",1000,511.6,3837,1.5,5756,https://www.wir-machen-druck.de/mappe-fuer-din-a4-2teilig-mit-2-laschen-44-farbig-aussen-und-innenseite-bedruckt-mit-partieller-uvlackveredelung.html
A4 salgsmappe med UV Spotlak,4+4,"0,36 mm starker Bilderdruckkarton 350g matt für 5mm",1500,864.13,6480.975,1.4,9073,https://www.wir-machen-druck.de/mappe-fuer-din-a4-2teilig-mit-2-laschen-44-farbig-aussen-und-innenseite-bedruckt-mit-partieller-uvlackveredelung.html
A4 salgsmappe med UV Spotlak,4+4,"0,36 mm starker Bilderdruckkarton 350g matt für 5mm",2000,948.21,7111.575,1.4,9956,https://www.wir-machen-druck.de/mappe-fuer-din-a4-2teilig-mit-2-laschen-44-farbig-aussen-und-innenseite-bedruckt-mit-partieller-uvlackveredelung.html
A4 salgsmappe med UV Spotlak,4+4,"0,36 mm starker Bilderdruckkarton 350g matt für 5mm",2500,1032.29,7742.175,1.4,10839,https://www.wir-machen-druck.de/mappe-fuer-din-a4-2teilig-mit-2-laschen-44-farbig-aussen-und-innenseite-bedruckt-mit-partieller-uvlackveredelung.html
A4 salgsmappe med UV Spotlak,4+4,"0,36 mm starker Bilderdruckkarton 350g matt für 5mm",3000,1533.99,11504.925,1.3,14956,https://www.wir-machen-druck.de/mappe-fuer-din-a4-2teilig-mit-2-laschen-44-farbig-aussen-und-innenseite-bedruckt-mit-partieller-uvlackveredelung.html
A4 salgsmappe med UV Spotlak,4+4,"0,36 mm starker Bilderdruckkarton 350g matt für 5mm",4000,1701.2,12759,1.3,16587,https://www.wir-machen-druck.de/mappe-fuer-din-a4-2teilig-mit-2-laschen-44-farbig-aussen-und-innenseite-bedruckt-mit-partieller-uvlackveredelung.html
A4 salgsmappe med UV Spotlak,4+4,"0,36 mm starker Bilderdruckkarton 350g matt für 5mm",5000,1868.43,14013.225,1.3,18217,https://www.wir-machen-druck.de/mappe-fuer-din-a4-2teilig-mit-2-laschen-44-farbig-aussen-und-innenseite-bedruckt-mit-partieller-uvlackveredelung.html
A4 salgsmappe med UV Spotlak,4+4,"0,40 mm starker Chromokarton 255g für 5mm",50,179.93,1349.475,1.6,2159,https://www.wir-machen-druck.de/mappe-fuer-din-a4-2teilig-mit-2-laschen-44-farbig-aussen-und-innenseite-bedruckt-mit-partieller-uvlackveredelung.html
A4 salgsmappe med UV Spotlak,4+4,"0,40 mm starker Chromokarton 255g für 5mm",75,187.49,1406.175,1.6,2250,https://www.wir-machen-druck.de/mappe-fuer-din-a4-2teilig-mit-2-laschen-44-farbig-aussen-und-innenseite-bedruckt-mit-partieller-uvlackveredelung.html
A4 salgsmappe med UV Spotlak,4+4,"0,40 mm starker Chromokarton 255g für 5mm",100,200.09,1500.675,1.6,2401,https://www.wir-machen-druck.de/mappe-fuer-din-a4-2teilig-mit-2-laschen-44-farbig-aussen-und-innenseite-bedruckt-mit-partieller-uvlackveredelung.html
A4 salgsmappe med UV Spotlak,4+4,"0,40 mm starker Chromokarton 255g für 5mm",150,229.42,1720.65,1.6,2753,https://www.wir-machen-druck.de/mappe-fuer-din-a4-2teilig-mit-2-laschen-44-farbig-aussen-und-innenseite-bedruckt-mit-partieller-uvlackveredelung.html
A4 salgsmappe med UV Spotlak,4+4,"0,40 mm starker Chromokarton 255g für 5mm",200,236.73,1775.475,1.6,2841,https://www.wir-machen-druck.de/mappe-fuer-din-a4-2teilig-mit-2-laschen-44-farbig-aussen-und-innenseite-bedruckt-mit-partieller-uvlackveredelung.html
A4 salgsmappe med UV Spotlak,4+4,"0,40 mm starker Chromokarton 255g für 5mm",250,244.06,1830.45,1.6,2929,https://www.wir-machen-druck.de/mappe-fuer-din-a4-2teilig-mit-2-laschen-44-farbig-aussen-und-innenseite-bedruckt-mit-partieller-uvlackveredelung.html
A4 salgsmappe med UV Spotlak,4+4,"0,40 mm starker Chromokarton 255g für 5mm",500,319.41,2395.575,1.5,3593,https://www.wir-machen-druck.de/mappe-fuer-din-a4-2teilig-mit-2-laschen-44-farbig-aussen-und-innenseite-bedruckt-mit-partieller-uvlackveredelung.html
A4 salgsmappe med UV Spotlak,4+4,"0,40 mm starker Chromokarton 255g für 5mm",750,434.61,3259.575,1.5,4889,https://www.wir-machen-druck.de/mappe-fuer-din-a4-2teilig-mit-2-laschen-44-farbig-aussen-und-innenseite-bedruckt-mit-partieller-uvlackveredelung.html
A4 salgsmappe med UV Spotlak,4+4,"0,40 mm starker Chromokarton 255g für 5mm",1000,473,3547.5,1.5,5321,https://www.wir-machen-druck.de/mappe-fuer-din-a4-2teilig-mit-2-laschen-44-farbig-aussen-und-innenseite-bedruckt-mit-partieller-uvlackveredelung.html
A4 salgsmappe med UV Spotlak,4+4,"0,40 mm starker Chromokarton 255g für 5mm",1500,775.01,5812.575,1.4,8138,https://www.wir-machen-druck.de/mappe-fuer-din-a4-2teilig-mit-2-laschen-44-farbig-aussen-und-innenseite-bedruckt-mit-partieller-uvlackveredelung.html
A4 salgsmappe med UV Spotlak,4+4,"0,40 mm starker Chromokarton 255g für 5mm",2000,850.42,6378.15,1.4,8929,https://www.wir-machen-druck.de/mappe-fuer-din-a4-2teilig-mit-2-laschen-44-farbig-aussen-und-innenseite-bedruckt-mit-partieller-uvlackveredelung.html
A4 salgsmappe med UV Spotlak,4+4,"0,40 mm starker Chromokarton 255g für 5mm",2500,925.83,6943.725,1.4,9721,https://www.wir-machen-druck.de/mappe-fuer-din-a4-2teilig-mit-2-laschen-44-farbig-aussen-und-innenseite-bedruckt-mit-partieller-uvlackveredelung.html
A4 salgsmappe med UV Spotlak,4+4,"0,40 mm starker Chromokarton 255g für 5mm",3000,1375.79,10318.425,1.3,13414,https://www.wir-machen-druck.de/mappe-fuer-din-a4-2teilig-mit-2-laschen-44-farbig-aussen-und-innenseite-bedruckt-mit-partieller-uvlackveredelung.html
A4 salgsmappe med UV Spotlak,4+4,"0,40 mm starker Chromokarton 255g für 5mm",4000,1525.76,11443.2,1.3,14876,https://www.wir-machen-druck.de/mappe-fuer-din-a4-2teilig-mit-2-laschen-44-farbig-aussen-und-innenseite-bedruckt-mit-partieller-uvlackveredelung.html
A4 salgsmappe med UV Spotlak,4+4,"0,40 mm starker Chromokarton 255g für 5mm",5000,1675.74,12568.05,1.3,16338,https://www.wir-machen-druck.de/mappe-fuer-din-a4-2teilig-mit-2-laschen-44-farbig-aussen-und-innenseite-bedruckt-mit-partieller-uvlackveredelung.html
A5 salgsmappe med UV Spotlak,4+0,"0,36 mm starker Bilderdruckkarton 350g matt für 5mm",100,122.24,916.8,1.6,1467,https://www.wir-machen-druck.de/mappe-fuer-din-a5-2teilig-mit-2-laschen-40-farbig-aussenseite-bedruckt-mit-partieller-uvlackveredelung.html
A5 salgsmappe med UV Spotlak,4+0,"0,36 mm starker Bilderdruckkarton 350g matt für 5mm",150,140.8,1056,1.6,1690,https://www.wir-machen-druck.de/mappe-fuer-din-a5-2teilig-mit-2-laschen-40-farbig-aussenseite-bedruckt-mit-partieller-uvlackveredelung.html
A5 salgsmappe med UV Spotlak,4+0,"0,36 mm starker Bilderdruckkarton 350g matt für 5mm",200,145.43,1090.725,1.6,1745,https://www.wir-machen-druck.de/mappe-fuer-din-a5-2teilig-mit-2-laschen-40-farbig-aussenseite-bedruckt-mit-partieller-uvlackveredelung.html
A5 salgsmappe med UV Spotlak,4+0,"0,36 mm starker Bilderdruckkarton 350g matt für 5mm",250,154.79,1160.925,1.6,1857,https://www.wir-machen-druck.de/mappe-fuer-din-a5-2teilig-mit-2-laschen-40-farbig-aussenseite-bedruckt-mit-partieller-uvlackveredelung.html
A5 salgsmappe med UV Spotlak,4+0,"0,36 mm starker Bilderdruckkarton 350g matt für 5mm",500,214.13,1605.975,1.6,2570,https://www.wir-machen-druck.de/mappe-fuer-din-a5-2teilig-mit-2-laschen-40-farbig-aussenseite-bedruckt-mit-partieller-uvlackveredelung.html
A5 salgsmappe med UV Spotlak,4+0,"0,36 mm starker Bilderdruckkarton 350g matt für 5mm",750,301.35,2260.125,1.5,3390,https://www.wir-machen-druck.de/mappe-fuer-din-a5-2teilig-mit-2-laschen-40-farbig-aussenseite-bedruckt-mit-partieller-uvlackveredelung.html
A5 salgsmappe med UV Spotlak,4+0,"0,36 mm starker Bilderdruckkarton 350g matt für 5mm",1000,330.43,2478.225,1.5,3717,https://www.wir-machen-druck.de/mappe-fuer-din-a5-2teilig-mit-2-laschen-40-farbig-aussenseite-bedruckt-mit-partieller-uvlackveredelung.html
A5 salgsmappe med UV Spotlak,4+0,"0,36 mm starker Bilderdruckkarton 350g matt für 5mm",1500,571.97,4289.775,1.5,6435,https://www.wir-machen-druck.de/mappe-fuer-din-a5-2teilig-mit-2-laschen-40-farbig-aussenseite-bedruckt-mit-partieller-uvlackveredelung.html
A5 salgsmappe med UV Spotlak,4+0,"0,36 mm starker Bilderdruckkarton 350g matt für 5mm",2000,629.84,4723.8,1.5,7086,https://www.wir-machen-druck.de/mappe-fuer-din-a5-2teilig-mit-2-laschen-40-farbig-aussenseite-bedruckt-mit-partieller-uvlackveredelung.html
A5 salgsmappe med UV Spotlak,4+0,"0,36 mm starker Bilderdruckkarton 350g matt für 5mm",2500,687.7,5157.75,1.4,7221,https://www.wir-machen-druck.de/mappe-fuer-din-a5-2teilig-mit-2-laschen-40-farbig-aussenseite-bedruckt-mit-partieller-uvlackveredelung.html
A5 salgsmappe med UV Spotlak,4+0,"0,36 mm starker Bilderdruckkarton 350g matt für 5mm",3000,1047.93,7859.475,1.4,11003,https://www.wir-machen-druck.de/mappe-fuer-din-a5-2teilig-mit-2-laschen-40-farbig-aussenseite-bedruckt-mit-partieller-uvlackveredelung.html
A5 salgsmappe med UV Spotlak,4+0,"0,36 mm starker Bilderdruckkarton 350g matt für 5mm",4000,1168,8760,1.4,12264,https://www.wir-machen-druck.de/mappe-fuer-din-a5-2teilig-mit-2-laschen-40-farbig-aussenseite-bedruckt-mit-partieller-uvlackveredelung.html
A5 salgsmappe med UV Spotlak,4+0,"0,36 mm starker Bilderdruckkarton 350g matt für 5mm",5000,1288.08,9660.6,1.4,13525,https://www.wir-machen-druck.de/mappe-fuer-din-a5-2teilig-mit-2-laschen-40-farbig-aussenseite-bedruckt-mit-partieller-uvlackveredelung.html
A5 salgsmappe med UV Spotlak,4+0,"0,40 mm starker Chromokarton 255g für 5mm",100,112.22,841.65,1.6,1347,https://www.wir-machen-druck.de/mappe-fuer-din-a5-2teilig-mit-2-laschen-40-farbig-aussenseite-bedruckt-mit-partieller-uvlackveredelung.html
A5 salgsmappe med UV Spotlak,4+0,"0,40 mm starker Chromokarton 255g für 5mm",150,129.25,969.375,1.6,1551,https://www.wir-machen-druck.de/mappe-fuer-din-a5-2teilig-mit-2-laschen-40-farbig-aussenseite-bedruckt-mit-partieller-uvlackveredelung.html
A5 salgsmappe med UV Spotlak,4+0,"0,40 mm starker Chromokarton 255g für 5mm",200,133.5,1001.25,1.6,1602,https://www.wir-machen-druck.de/mappe-fuer-din-a5-2teilig-mit-2-laschen-40-farbig-aussenseite-bedruckt-mit-partieller-uvlackveredelung.html
A5 salgsmappe med UV Spotlak,4+0,"0,40 mm starker Chromokarton 255g für 5mm",250,137.76,1033.2,1.6,1653,https://www.wir-machen-druck.de/mappe-fuer-din-a5-2teilig-mit-2-laschen-40-farbig-aussenseite-bedruckt-mit-partieller-uvlackveredelung.html
A5 salgsmappe med UV Spotlak,4+0,"0,40 mm starker Chromokarton 255g für 5mm",500,190.56,1429.2,1.6,2287,https://www.wir-machen-druck.de/mappe-fuer-din-a5-2teilig-mit-2-laschen-40-farbig-aussenseite-bedruckt-mit-partieller-uvlackveredelung.html
A5 salgsmappe med UV Spotlak,4+0,"0,40 mm starker Chromokarton 255g für 5mm",750,268.19,2011.425,1.5,3017,https://www.wir-machen-druck.de/mappe-fuer-din-a5-2teilig-mit-2-laschen-40-farbig-aussenseite-bedruckt-mit-partieller-uvlackveredelung.html
A5 salgsmappe med UV Spotlak,4+0,"0,40 mm starker Chromokarton 255g für 5mm",1000,294.07,2205.525,1.5,3308,https://www.wir-machen-druck.de/mappe-fuer-din-a5-2teilig-mit-2-laschen-40-farbig-aussenseite-bedruckt-mit-partieller-uvlackveredelung.html
A5 salgsmappe med UV Spotlak,4+0,"0,40 mm starker Chromokarton 255g für 5mm",1500,494.35,3707.625,1.5,5561,https://www.wir-machen-druck.de/mappe-fuer-din-a5-2teilig-mit-2-laschen-40-farbig-aussenseite-bedruckt-mit-partieller-uvlackveredelung.html
A5 salgsmappe med UV Spotlak,4+0,"0,40 mm starker Chromokarton 255g für 5mm",2000,544.36,4082.7,1.5,6124,https://www.wir-machen-druck.de/mappe-fuer-din-a5-2teilig-mit-2-laschen-40-farbig-aussenseite-bedruckt-mit-partieller-uvlackveredelung.html
A5 salgsmappe med UV Spotlak,4+0,"0,40 mm starker Chromokarton 255g für 5mm",2500,594.37,4457.775,1.5,6687,https://www.wir-machen-druck.de/mappe-fuer-din-a5-2teilig-mit-2-laschen-40-farbig-aussenseite-bedruckt-mit-partieller-uvlackveredelung.html
A5 salgsmappe med UV Spotlak,4+0,"0,40 mm starker Chromokarton 255g für 5mm",3000,905.71,6792.825,1.4,9510,https://www.wir-machen-druck.de/mappe-fuer-din-a5-2teilig-mit-2-laschen-40-farbig-aussenseite-bedruckt-mit-partieller-uvlackveredelung.html
A5 salgsmappe med UV Spotlak,4+0,"0,40 mm starker Chromokarton 255g für 5mm",4000,1009.49,7571.175,1.4,10600,https://www.wir-machen-druck.de/mappe-fuer-din-a5-2teilig-mit-2-laschen-40-farbig-aussenseite-bedruckt-mit-partieller-uvlackveredelung.html
A5 salgsmappe med UV Spotlak,4+0,"0,40 mm starker Chromokarton 255g für 5mm",5000,1113.27,8349.525,1.4,11689,https://www.wir-machen-druck.de/mappe-fuer-din-a5-2teilig-mit-2-laschen-40-farbig-aussenseite-bedruckt-mit-partieller-uvlackveredelung.html
A5 salgsmappe med UV Spotlak,4+4,"0,36 mm starker Bilderdruckkarton 350g matt für 5mm",100,148.84,1116.3,1.6,1786,https://www.wir-machen-druck.de/mappe-fuer-din-a5-2teilig-mit-2-laschen-44-farbig-aussen-und-innenseite-bedruckt-mit-partieller-uvlackveredelung.html
A5 salgsmappe med UV Spotlak,4+4,"0,36 mm starker Bilderdruckkarton 350g matt für 5mm",150,172.12,1290.9,1.6,2065,https://www.wir-machen-druck.de/mappe-fuer-din-a5-2teilig-mit-2-laschen-44-farbig-aussen-und-innenseite-bedruckt-mit-partieller-uvlackveredelung.html
A5 salgsmappe med UV Spotlak,4+4,"0,36 mm starker Bilderdruckkarton 350g matt für 5mm",200,177.92,1334.4,1.6,2135,https://www.wir-machen-druck.de/mappe-fuer-din-a5-2teilig-mit-2-laschen-44-farbig-aussen-und-innenseite-bedruckt-mit-partieller-uvlackveredelung.html
A5 salgsmappe med UV Spotlak,4+4,"0,36 mm starker Bilderdruckkarton 350g matt für 5mm",250,189.76,1423.2,1.6,2277,https://www.wir-machen-druck.de/mappe-fuer-din-a5-2teilig-mit-2-laschen-44-farbig-aussen-und-innenseite-bedruckt-mit-partieller-uvlackveredelung.html
A5 salgsmappe med UV Spotlak,4+4,"0,36 mm starker Bilderdruckkarton 350g matt für 5mm",500,250.16,1876.2,1.6,3002,https://www.wir-machen-druck.de/mappe-fuer-din-a5-2teilig-mit-2-laschen-44-farbig-aussen-und-innenseite-bedruckt-mit-partieller-uvlackveredelung.html
A5 salgsmappe med UV Spotlak,4+4,"0,36 mm starker Bilderdruckkarton 350g matt für 5mm",750,322.72,2420.4,1.5,3631,https://www.wir-machen-druck.de/mappe-fuer-din-a5-2teilig-mit-2-laschen-44-farbig-aussen-und-innenseite-bedruckt-mit-partieller-uvlackveredelung.html
A5 salgsmappe med UV Spotlak,4+4,"0,36 mm starker Bilderdruckkarton 350g matt für 5mm",1000,346.91,2601.825,1.5,3903,https://www.wir-machen-druck.de/mappe-fuer-din-a5-2teilig-mit-2-laschen-44-farbig-aussen-und-innenseite-bedruckt-mit-partieller-uvlackveredelung.html
A5 salgsmappe med UV Spotlak,4+4,"0,36 mm starker Bilderdruckkarton 350g matt für 5mm",1500,579.47,4346.025,1.5,6519,https://www.wir-machen-druck.de/mappe-fuer-din-a5-2teilig-mit-2-laschen-44-farbig-aussen-und-innenseite-bedruckt-mit-partieller-uvlackveredelung.html
A5 salgsmappe med UV Spotlak,4+4,"0,36 mm starker Bilderdruckkarton 350g matt für 5mm",2000,634.87,4761.525,1.5,7142,https://www.wir-machen-druck.de/mappe-fuer-din-a5-2teilig-mit-2-laschen-44-farbig-aussen-und-innenseite-bedruckt-mit-partieller-uvlackveredelung.html
A5 salgsmappe med UV Spotlak,4+4,"0,36 mm starker Bilderdruckkarton 350g matt für 5mm",2500,690.25,5176.875,1.4,7248,https://www.wir-machen-druck.de/mappe-fuer-din-a5-2teilig-mit-2-laschen-44-farbig-aussen-und-innenseite-bedruckt-mit-partieller-uvlackveredelung.html
A5 salgsmappe med UV Spotlak,4+4,"0,36 mm starker Bilderdruckkarton 350g matt für 5mm",3000,1061.46,7960.95,1.4,11145,https://www.wir-machen-druck.de/mappe-fuer-din-a5-2teilig-mit-2-laschen-44-farbig-aussen-und-innenseite-bedruckt-mit-partieller-uvlackveredelung.html
A5 salgsmappe med UV Spotlak,4+4,"0,36 mm starker Bilderdruckkarton 350g matt für 5mm",4000,1185.2,8889,1.4,12445,https://www.wir-machen-druck.de/mappe-fuer-din-a5-2teilig-mit-2-laschen-44-farbig-aussen-und-innenseite-bedruckt-mit-partieller-uvlackveredelung.html
A5 salgsmappe med UV Spotlak,4+4,"0,36 mm starker Bilderdruckkarton 350g matt für 5mm",5000,1308.96,9817.2,1.4,13744,https://www.wir-machen-druck.de/mappe-fuer-din-a5-2teilig-mit-2-laschen-44-farbig-aussen-und-innenseite-bedruckt-mit-partieller-uvlackveredelung.html
A5 salgsmappe med UV Spotlak,4+4,"0,40 mm starker Chromokarton 255g für 5mm",100,142.12,1065.9,1.6,1705,https://www.wir-machen-druck.de/mappe-fuer-din-a5-2teilig-mit-2-laschen-44-farbig-aussen-und-innenseite-bedruckt-mit-partieller-uvlackveredelung.html
A5 salgsmappe med UV Spotlak,4+4,"0,40 mm starker Chromokarton 255g für 5mm",150,164.34,1232.55,1.6,1972,https://www.wir-machen-druck.de/mappe-fuer-din-a5-2teilig-mit-2-laschen-44-farbig-aussen-und-innenseite-bedruckt-mit-partieller-uvlackveredelung.html
A5 salgsmappe med UV Spotlak,4+4,"0,40 mm starker Chromokarton 255g für 5mm",200,169.89,1274.175,1.6,2039,https://www.wir-machen-druck.de/mappe-fuer-din-a5-2teilig-mit-2-laschen-44-farbig-aussen-und-innenseite-bedruckt-mit-partieller-uvlackveredelung.html
A5 salgsmappe med UV Spotlak,4+4,"0,40 mm starker Chromokarton 255g für 5mm",250,175.44,1315.8,1.6,2105,https://www.wir-machen-druck.de/mappe-fuer-din-a5-2teilig-mit-2-laschen-44-farbig-aussen-und-innenseite-bedruckt-mit-partieller-uvlackveredelung.html
A5 salgsmappe med UV Spotlak,4+4,"0,40 mm starker Chromokarton 255g für 5mm",500,231.29,1734.675,1.6,2775,https://www.wir-machen-druck.de/mappe-fuer-din-a5-2teilig-mit-2-laschen-44-farbig-aussen-und-innenseite-bedruckt-mit-partieller-uvlackveredelung.html
A5 salgsmappe med UV Spotlak,4+4,"0,40 mm starker Chromokarton 255g für 5mm",750,298.38,2237.85,1.5,3357,https://www.wir-machen-druck.de/mappe-fuer-din-a5-2teilig-mit-2-laschen-44-farbig-aussen-und-innenseite-bedruckt-mit-partieller-uvlackveredelung.html
A5 salgsmappe med UV Spotlak,4+4,"0,40 mm starker Chromokarton 255g für 5mm",1000,320.75,2405.625,1.5,3608,https://www.wir-machen-druck.de/mappe-fuer-din-a5-2teilig-mit-2-laschen-44-farbig-aussen-und-innenseite-bedruckt-mit-partieller-uvlackveredelung.html
A5 salgsmappe med UV Spotlak,4+4,"0,40 mm starker Chromokarton 255g für 5mm",1500,519.71,3897.825,1.5,5847,https://www.wir-machen-druck.de/mappe-fuer-din-a5-2teilig-mit-2-laschen-44-farbig-aussen-und-innenseite-bedruckt-mit-partieller-uvlackveredelung.html
A5 salgsmappe med UV Spotlak,4+4,"0,40 mm starker Chromokarton 255g für 5mm",2000,569.39,4270.425,1.5,6406,https://www.wir-machen-druck.de/mappe-fuer-din-a5-2teilig-mit-2-laschen-44-farbig-aussen-und-innenseite-bedruckt-mit-partieller-uvlackveredelung.html
A5 salgsmappe med UV Spotlak,4+4,"0,40 mm starker Chromokarton 255g für 5mm",2500,619.06,4642.95,1.5,6964,https://www.wir-machen-druck.de/mappe-fuer-din-a5-2teilig-mit-2-laschen-44-farbig-aussen-und-innenseite-bedruckt-mit-partieller-uvlackveredelung.html
A5 salgsmappe med UV Spotlak,4+4,"0,40 mm starker Chromokarton 255g für 5mm",3000,951.99,7139.925,1.4,9996,https://www.wir-machen-druck.de/mappe-fuer-din-a5-2teilig-mit-2-laschen-44-farbig-aussen-und-innenseite-bedruckt-mit-partieller-uvlackveredelung.html
A5 salgsmappe med UV Spotlak,4+4,"0,40 mm starker Chromokarton 255g für 5mm",4000,1062.97,7972.275,1.4,11161,https://www.wir-machen-druck.de/mappe-fuer-din-a5-2teilig-mit-2-laschen-44-farbig-aussen-und-innenseite-bedruckt-mit-partieller-uvlackveredelung.html
A5 salgsmappe med UV Spotlak,4+4,"0,40 mm starker Chromokarton 255g für 5mm",5000,1173.97,8804.775,1.4,12327,https://www.wir-machen-druck.de/mappe-fuer-din-a5-2teilig-mit-2-laschen-44-farbig-aussen-und-innenseite-bedruckt-mit-partieller-uvlackveredelung.html
A6 salgsmappe med UV Spotlak,4+0,"0,36 mm starker Bilderdruckkarton 350g matt für 5mm",100,106.66,799.95,1.6,1280,https://www.wir-machen-druck.de/mappe-fuer-din-a6-2teilig-mit-2-laschen-40-farbig-aussenseite-bedruckt-mit-partieller-uvlackveredelung.html
A6 salgsmappe med UV Spotlak,4+0,"0,36 mm starker Bilderdruckkarton 350g matt für 5mm",150,125.59,941.925,1.6,1507,https://www.wir-machen-druck.de/mappe-fuer-din-a6-2teilig-mit-2-laschen-40-farbig-aussenseite-bedruckt-mit-partieller-uvlackveredelung.html
A6 salgsmappe med UV Spotlak,4+0,"0,36 mm starker Bilderdruckkarton 350g matt für 5mm",200,130.31,977.325,1.6,1564,https://www.wir-machen-druck.de/mappe-fuer-din-a6-2teilig-mit-2-laschen-40-farbig-aussenseite-bedruckt-mit-partieller-uvlackveredelung.html
A6 salgsmappe med UV Spotlak,4+0,"0,36 mm starker Bilderdruckkarton 350g matt für 5mm",250,139.3,1044.75,1.6,1672,https://www.wir-machen-druck.de/mappe-fuer-din-a6-2teilig-mit-2-laschen-40-farbig-aussenseite-bedruckt-mit-partieller-uvlackveredelung.html
A6 salgsmappe med UV Spotlak,4+0,"0,36 mm starker Bilderdruckkarton 350g matt für 5mm",500,165.35,1240.125,1.6,1984,https://www.wir-machen-druck.de/mappe-fuer-din-a6-2teilig-mit-2-laschen-40-farbig-aussenseite-bedruckt-mit-partieller-uvlackveredelung.html
A6 salgsmappe med UV Spotlak,4+0,"0,36 mm starker Bilderdruckkarton 350g matt für 5mm",750,229.02,1717.65,1.6,2748,https://www.wir-machen-druck.de/mappe-fuer-din-a6-2teilig-mit-2-laschen-40-farbig-aussenseite-bedruckt-mit-partieller-uvlackveredelung.html
A6 salgsmappe med UV Spotlak,4+0,"0,36 mm starker Bilderdruckkarton 350g matt für 5mm",1000,250.24,1876.8,1.6,3003,https://www.wir-machen-druck.de/mappe-fuer-din-a6-2teilig-mit-2-laschen-40-farbig-aussenseite-bedruckt-mit-partieller-uvlackveredelung.html
A6 salgsmappe med UV Spotlak,4+0,"0,36 mm starker Bilderdruckkarton 350g matt für 5mm",1500,415.2,3114,1.5,4671,https://www.wir-machen-druck.de/mappe-fuer-din-a6-2teilig-mit-2-laschen-40-farbig-aussenseite-bedruckt-mit-partieller-uvlackveredelung.html
A6 salgsmappe med UV Spotlak,4+0,"0,36 mm starker Bilderdruckkarton 350g matt für 5mm",2000,454.52,3408.9,1.5,5113,https://www.wir-machen-druck.de/mappe-fuer-din-a6-2teilig-mit-2-laschen-40-farbig-aussenseite-bedruckt-mit-partieller-uvlackveredelung.html
A6 salgsmappe med UV Spotlak,4+0,"0,36 mm starker Bilderdruckkarton 350g matt für 5mm",2500,493.84,3703.8,1.5,5556,https://www.wir-machen-druck.de/mappe-fuer-din-a6-2teilig-mit-2-laschen-40-farbig-aussenseite-bedruckt-mit-partieller-uvlackveredelung.html
A6 salgsmappe med UV Spotlak,4+0,"0,36 mm starker Bilderdruckkarton 350g matt für 5mm",3000,735.16,5513.7,1.4,7719,https://www.wir-machen-druck.de/mappe-fuer-din-a6-2teilig-mit-2-laschen-40-farbig-aussenseite-bedruckt-mit-partieller-uvlackveredelung.html
A6 salgsmappe med UV Spotlak,4+0,"0,36 mm starker Bilderdruckkarton 350g matt für 5mm",4000,815.62,6117.15,1.4,8564,https://www.wir-machen-druck.de/mappe-fuer-din-a6-2teilig-mit-2-laschen-40-farbig-aussenseite-bedruckt-mit-partieller-uvlackveredelung.html
A6 salgsmappe med UV Spotlak,4+0,"0,36 mm starker Bilderdruckkarton 350g matt für 5mm",5000,896.04,6720.3,1.4,9408,https://www.wir-machen-druck.de/mappe-fuer-din-a6-2teilig-mit-2-laschen-40-farbig-aussenseite-bedruckt-mit-partieller-uvlackveredelung.html
A6 salgsmappe med UV Spotlak,4+0,"0,40 mm starker Chromokarton 255g für 5mm",100,97.91,734.325,1.6,1175,https://www.wir-machen-druck.de/mappe-fuer-din-a6-2teilig-mit-2-laschen-40-farbig-aussenseite-bedruckt-mit-partieller-uvlackveredelung.html
A6 salgsmappe med UV Spotlak,4+0,"0,40 mm starker Chromokarton 255g für 5mm",150,115.29,864.675,1.6,1383,https://www.wir-machen-druck.de/mappe-fuer-din-a6-2teilig-mit-2-laschen-40-farbig-aussenseite-bedruckt-mit-partieller-uvlackveredelung.html
A6 salgsmappe med UV Spotlak,4+0,"0,40 mm starker Chromokarton 255g für 5mm",200,119.62,897.15,1.6,1435,https://www.wir-machen-druck.de/mappe-fuer-din-a6-2teilig-mit-2-laschen-40-farbig-aussenseite-bedruckt-mit-partieller-uvlackveredelung.html
A6 salgsmappe med UV Spotlak,4+0,"0,40 mm starker Chromokarton 255g für 5mm",250,123.97,929.775,1.6,1488,https://www.wir-machen-druck.de/mappe-fuer-din-a6-2teilig-mit-2-laschen-40-farbig-aussenseite-bedruckt-mit-partieller-uvlackveredelung.html
A6 salgsmappe med UV Spotlak,4+0,"0,40 mm starker Chromokarton 255g für 5mm",500,147.16,1103.7,1.6,1766,https://www.wir-machen-druck.de/mappe-fuer-din-a6-2teilig-mit-2-laschen-40-farbig-aussenseite-bedruckt-mit-partieller-uvlackveredelung.html
A6 salgsmappe med UV Spotlak,4+0,"0,40 mm starker Chromokarton 255g für 5mm",750,203.82,1528.65,1.6,2446,https://www.wir-machen-druck.de/mappe-fuer-din-a6-2teilig-mit-2-laschen-40-farbig-aussenseite-bedruckt-mit-partieller-uvlackveredelung.html
A6 salgsmappe med UV Spotlak,4+0,"0,40 mm starker Chromokarton 255g für 5mm",1000,222.71,1670.325,1.6,2673,https://www.wir-machen-druck.de/mappe-fuer-din-a6-2teilig-mit-2-laschen-40-farbig-aussenseite-bedruckt-mit-partieller-uvlackveredelung.html
A6 salgsmappe med UV Spotlak,4+0,"0,40 mm starker Chromokarton 255g für 5mm",1500,358.86,2691.45,1.5,4037,https://www.wir-machen-druck.de/mappe-fuer-din-a6-2teilig-mit-2-laschen-40-farbig-aussenseite-bedruckt-mit-partieller-uvlackveredelung.html
A6 salgsmappe med UV Spotlak,4+0,"0,40 mm starker Chromokarton 255g für 5mm",2000,392.84,2946.3,1.5,4419,https://www.wir-machen-druck.de/mappe-fuer-din-a6-2teilig-mit-2-laschen-40-farbig-aussenseite-bedruckt-mit-partieller-uvlackveredelung.html
A6 salgsmappe med UV Spotlak,4+0,"0,40 mm starker Chromokarton 255g für 5mm",2500,426.82,3201.15,1.5,4802,https://www.wir-machen-druck.de/mappe-fuer-din-a6-2teilig-mit-2-laschen-40-farbig-aussenseite-bedruckt-mit-partieller-uvlackveredelung.html
A6 salgsmappe med UV Spotlak,4+0,"0,40 mm starker Chromokarton 255g für 5mm",3000,635.39,4765.425,1.5,7148,https://www.wir-machen-druck.de/mappe-fuer-din-a6-2teilig-mit-2-laschen-40-farbig-aussenseite-bedruckt-mit-partieller-uvlackveredelung.html
A6 salgsmappe med UV Spotlak,4+0,"0,40 mm starker Chromokarton 255g für 5mm",4000,704.94,5287.05,1.4,7402,https://www.wir-machen-druck.de/mappe-fuer-din-a6-2teilig-mit-2-laschen-40-farbig-aussenseite-bedruckt-mit-partieller-uvlackveredelung.html
A6 salgsmappe med UV Spotlak,4+0,"0,40 mm starker Chromokarton 255g für 5mm",5000,774.44,5808.3,1.4,8132,https://www.wir-machen-druck.de/mappe-fuer-din-a6-2teilig-mit-2-laschen-40-farbig-aussenseite-bedruckt-mit-partieller-uvlackveredelung.html
A6 salgsmappe med UV Spotlak,4+4,"0,36 mm starker Bilderdruckkarton 350g matt für 5mm",100,108.68,815.1,1.6,1304,https://www.wir-machen-druck.de/mappe-fuer-din-a6-2teilig-mit-2-laschen-44-farbig-aussen-und-innenseite-bedruckt-mit-partieller-uvlackveredelung.html
A6 salgsmappe med UV Spotlak,4+4,"0,36 mm starker Bilderdruckkarton 350g matt für 5mm",150,127.91,959.325,1.6,1535,https://www.wir-machen-druck.de/mappe-fuer-din-a6-2teilig-mit-2-laschen-44-farbig-aussen-und-innenseite-bedruckt-mit-partieller-uvlackveredelung.html
A6 salgsmappe med UV Spotlak,4+4,"0,36 mm starker Bilderdruckkarton 350g matt für 5mm",200,132.7,995.25,1.6,1592,https://www.wir-machen-druck.de/mappe-fuer-din-a6-2teilig-mit-2-laschen-44-farbig-aussen-und-innenseite-bedruckt-mit-partieller-uvlackveredelung.html
A6 salgsmappe med UV Spotlak,4+4,"0,36 mm starker Bilderdruckkarton 350g matt für 5mm",250,142,1065,1.6,1704,https://www.wir-machen-druck.de/mappe-fuer-din-a6-2teilig-mit-2-laschen-44-farbig-aussen-und-innenseite-bedruckt-mit-partieller-uvlackveredelung.html
A6 salgsmappe med UV Spotlak,4+4,"0,36 mm starker Bilderdruckkarton 350g matt für 5mm",500,186.36,1397.7,1.6,2236,https://www.wir-machen-druck.de/mappe-fuer-din-a6-2teilig-mit-2-laschen-44-farbig-aussen-und-innenseite-bedruckt-mit-partieller-uvlackveredelung.html
A6 salgsmappe med UV Spotlak,4+4,"0,36 mm starker Bilderdruckkarton 350g matt für 5mm",750,243.06,1822.95,1.6,2917,https://www.wir-machen-druck.de/mappe-fuer-din-a6-2teilig-mit-2-laschen-44-farbig-aussen-und-innenseite-bedruckt-mit-partieller-uvlackveredelung.html
A6 salgsmappe med UV Spotlak,4+4,"0,36 mm starker Bilderdruckkarton 350g matt für 5mm",1000,261.94,1964.55,1.6,3143,https://www.wir-machen-druck.de/mappe-fuer-din-a6-2teilig-mit-2-laschen-44-farbig-aussen-und-innenseite-bedruckt-mit-partieller-uvlackveredelung.html
A6 salgsmappe med UV Spotlak,4+4,"0,36 mm starker Bilderdruckkarton 350g matt für 5mm",1500,428.31,3212.325,1.5,4818,https://www.wir-machen-druck.de/mappe-fuer-din-a6-2teilig-mit-2-laschen-44-farbig-aussen-und-innenseite-bedruckt-mit-partieller-uvlackveredelung.html
A6 salgsmappe med UV Spotlak,4+4,"0,36 mm starker Bilderdruckkarton 350g matt für 5mm",2000,467.82,3508.65,1.5,5263,https://www.wir-machen-druck.de/mappe-fuer-din-a6-2teilig-mit-2-laschen-44-farbig-aussen-und-innenseite-bedruckt-mit-partieller-uvlackveredelung.html
A6 salgsmappe med UV Spotlak,4+4,"0,36 mm starker Bilderdruckkarton 350g matt für 5mm",2500,507.33,3804.975,1.5,5707,https://www.wir-machen-druck.de/mappe-fuer-din-a6-2teilig-mit-2-laschen-44-farbig-aussen-und-innenseite-bedruckt-mit-partieller-uvlackveredelung.html
A6 salgsmappe med UV Spotlak,4+4,"0,36 mm starker Bilderdruckkarton 350g matt für 5mm",3000,739.88,5549.1,1.4,7769,https://www.wir-machen-druck.de/mappe-fuer-din-a6-2teilig-mit-2-laschen-44-farbig-aussen-und-innenseite-bedruckt-mit-partieller-uvlackveredelung.html
A6 salgsmappe med UV Spotlak,4+4,"0,36 mm starker Bilderdruckkarton 350g matt für 5mm",4000,817.39,6130.425,1.4,8583,https://www.wir-machen-druck.de/mappe-fuer-din-a6-2teilig-mit-2-laschen-44-farbig-aussen-und-innenseite-bedruckt-mit-partieller-uvlackveredelung.html
A6 salgsmappe med UV Spotlak,4+4,"0,36 mm starker Bilderdruckkarton 350g matt für 5mm",5000,894.92,6711.9,1.4,9397,https://www.wir-machen-druck.de/mappe-fuer-din-a6-2teilig-mit-2-laschen-44-farbig-aussen-und-innenseite-bedruckt-mit-partieller-uvlackveredelung.html
A6 salgsmappe med UV Spotlak,4+4,"0,40 mm starker Chromokarton 255g für 5mm",100,103.77,778.275,1.6,1245,https://www.wir-machen-druck.de/mappe-fuer-din-a6-2teilig-mit-2-laschen-44-farbig-aussen-und-innenseite-bedruckt-mit-partieller-uvlackveredelung.html
A6 salgsmappe med UV Spotlak,4+4,"0,40 mm starker Chromokarton 255g für 5mm",150,122.13,915.975,1.6,1466,https://www.wir-machen-druck.de/mappe-fuer-din-a6-2teilig-mit-2-laschen-44-farbig-aussen-und-innenseite-bedruckt-mit-partieller-uvlackveredelung.html
A6 salgsmappe med UV Spotlak,4+4,"0,40 mm starker Chromokarton 255g für 5mm",200,126.71,950.325,1.6,1521,https://www.wir-machen-druck.de/mappe-fuer-din-a6-2teilig-mit-2-laschen-44-farbig-aussen-und-innenseite-bedruckt-mit-partieller-uvlackveredelung.html
A6 salgsmappe med UV Spotlak,4+4,"0,40 mm starker Chromokarton 255g für 5mm",250,131.29,984.675,1.6,1575,https://www.wir-machen-druck.de/mappe-fuer-din-a6-2teilig-mit-2-laschen-44-farbig-aussen-und-innenseite-bedruckt-mit-partieller-uvlackveredelung.html
A6 salgsmappe med UV Spotlak,4+4,"0,40 mm starker Chromokarton 255g für 5mm",500,172.31,1292.325,1.6,2068,https://www.wir-machen-druck.de/mappe-fuer-din-a6-2teilig-mit-2-laschen-44-farbig-aussen-und-innenseite-bedruckt-mit-partieller-uvlackveredelung.html
A6 salgsmappe med UV Spotlak,4+4,"0,40 mm starker Chromokarton 255g für 5mm",750,224.72,1685.4,1.6,2697,https://www.wir-machen-druck.de/mappe-fuer-din-a6-2teilig-mit-2-laschen-44-farbig-aussen-und-innenseite-bedruckt-mit-partieller-uvlackveredelung.html
A6 salgsmappe med UV Spotlak,4+4,"0,40 mm starker Chromokarton 255g für 5mm",1000,242.18,1816.35,1.6,2906,https://www.wir-machen-druck.de/mappe-fuer-din-a6-2teilig-mit-2-laschen-44-farbig-aussen-und-innenseite-bedruckt-mit-partieller-uvlackveredelung.html
A6 salgsmappe med UV Spotlak,4+4,"0,40 mm starker Chromokarton 255g für 5mm",1500,384.14,2881.05,1.5,4322,https://www.wir-machen-druck.de/mappe-fuer-din-a6-2teilig-mit-2-laschen-44-farbig-aussen-und-innenseite-bedruckt-mit-partieller-uvlackveredelung.html
A6 salgsmappe med UV Spotlak,4+4,"0,40 mm starker Chromokarton 255g für 5mm",2000,419.57,3146.775,1.5,4720,https://www.wir-machen-druck.de/mappe-fuer-din-a6-2teilig-mit-2-laschen-44-farbig-aussen-und-innenseite-bedruckt-mit-partieller-uvlackveredelung.html
A6 salgsmappe med UV Spotlak,4+4,"0,40 mm starker Chromokarton 255g für 5mm",2500,455.01,3412.575,1.5,5119,https://www.wir-machen-druck.de/mappe-fuer-din-a6-2teilig-mit-2-laschen-44-farbig-aussen-und-innenseite-bedruckt-mit-partieller-uvlackveredelung.html
A6 salgsmappe med UV Spotlak,4+4,"0,40 mm starker Chromokarton 255g für 5mm",3000,663.58,4976.85,1.5,7465,https://www.wir-machen-druck.de/mappe-fuer-din-a6-2teilig-mit-2-laschen-44-farbig-aussen-und-innenseite-bedruckt-mit-partieller-uvlackveredelung.html
A6 salgsmappe med UV Spotlak,4+4,"0,40 mm starker Chromokarton 255g für 5mm",4000,733.09,5498.175,1.4,7697,https://www.wir-machen-druck.de/mappe-fuer-din-a6-2teilig-mit-2-laschen-44-farbig-aussen-und-innenseite-bedruckt-mit-partieller-uvlackveredelung.html
A6 salgsmappe med UV Spotlak,4+4,"0,40 mm starker Chromokarton 255g für 5mm",5000,802.63,6019.725,1.4,8428,https://www.wir-machen-druck.de/mappe-fuer-din-a6-2teilig-mit-2-laschen-44-farbig-aussen-und-innenseite-bedruckt-mit-partieller-uvlackveredelung.html
DIN Lang salgsmappe med UV Spotlak,4+0,"0,36 mm starker Bilderdruckkarton 350g matt für 5mm",100,147.88,1109.1,1.6,1775,https://www.wir-machen-druck.de/mappe-fuer-din-lang-2teilig-mit-2-laschen-40-farbig-aussenseite-bedruckt-mit-partieller-uvlackveredelung.html
DIN Lang salgsmappe med UV Spotlak,4+0,"0,36 mm starker Bilderdruckkarton 350g matt für 5mm",150,174.13,1305.975,1.6,2090,https://www.wir-machen-druck.de/mappe-fuer-din-lang-2teilig-mit-2-laschen-40-farbig-aussenseite-bedruckt-mit-partieller-uvlackveredelung.html
DIN Lang salgsmappe med UV Spotlak,4+0,"0,36 mm starker Bilderdruckkarton 350g matt für 5mm",200,180.69,1355.175,1.6,2168,https://www.wir-machen-druck.de/mappe-fuer-din-lang-2teilig-mit-2-laschen-40-farbig-aussenseite-bedruckt-mit-partieller-uvlackveredelung.html
DIN Lang salgsmappe med UV Spotlak,4+0,"0,36 mm starker Bilderdruckkarton 350g matt für 5mm",250,193.16,1448.7,1.6,2318,https://www.wir-machen-druck.de/mappe-fuer-din-lang-2teilig-mit-2-laschen-40-farbig-aussenseite-bedruckt-mit-partieller-uvlackveredelung.html
DIN Lang salgsmappe med UV Spotlak,4+0,"0,36 mm starker Bilderdruckkarton 350g matt für 5mm",500,231.48,1736.1,1.6,2778,https://www.wir-machen-druck.de/mappe-fuer-din-lang-2teilig-mit-2-laschen-40-farbig-aussenseite-bedruckt-mit-partieller-uvlackveredelung.html
DIN Lang salgsmappe med UV Spotlak,4+0,"0,36 mm starker Bilderdruckkarton 350g matt für 5mm",750,326.17,2446.275,1.5,3669,https://www.wir-machen-druck.de/mappe-fuer-din-lang-2teilig-mit-2-laschen-40-farbig-aussenseite-bedruckt-mit-partieller-uvlackveredelung.html
DIN Lang salgsmappe med UV Spotlak,4+0,"0,36 mm starker Bilderdruckkarton 350g matt für 5mm",1000,357.74,2683.05,1.5,4025,https://www.wir-machen-druck.de/mappe-fuer-din-lang-2teilig-mit-2-laschen-40-farbig-aussenseite-bedruckt-mit-partieller-uvlackveredelung.html
DIN Lang salgsmappe med UV Spotlak,4+0,"0,36 mm starker Bilderdruckkarton 350g matt für 5mm",1500,587.58,4406.85,1.5,6610,https://www.wir-machen-druck.de/mappe-fuer-din-lang-2teilig-mit-2-laschen-40-farbig-aussenseite-bedruckt-mit-partieller-uvlackveredelung.html
DIN Lang salgsmappe med UV Spotlak,4+0,"0,36 mm starker Bilderdruckkarton 350g matt für 5mm",2000,642.3,4817.25,1.5,7226,https://www.wir-machen-druck.de/mappe-fuer-din-lang-2teilig-mit-2-laschen-40-farbig-aussenseite-bedruckt-mit-partieller-uvlackveredelung.html
DIN Lang salgsmappe med UV Spotlak,4+0,"0,36 mm starker Bilderdruckkarton 350g matt für 5mm",2500,697.02,5227.65,1.4,7319,https://www.wir-machen-druck.de/mappe-fuer-din-lang-2teilig-mit-2-laschen-40-farbig-aussenseite-bedruckt-mit-partieller-uvlackveredelung.html
DIN Lang salgsmappe med UV Spotlak,4+0,"0,36 mm starker Bilderdruckkarton 350g matt für 5mm",3000,1023.21,7674.075,1.4,10744,https://www.wir-machen-druck.de/mappe-fuer-din-lang-2teilig-mit-2-laschen-40-farbig-aussenseite-bedruckt-mit-partieller-uvlackveredelung.html
DIN Lang salgsmappe med UV Spotlak,4+0,"0,36 mm starker Bilderdruckkarton 350g matt für 5mm",4000,1131.95,8489.625,1.4,11885,https://www.wir-machen-druck.de/mappe-fuer-din-lang-2teilig-mit-2-laschen-40-farbig-aussenseite-bedruckt-mit-partieller-uvlackveredelung.html
DIN Lang salgsmappe med UV Spotlak,4+0,"0,36 mm starker Bilderdruckkarton 350g matt für 5mm",5000,1240.68,9305.1,1.4,13027,https://www.wir-machen-druck.de/mappe-fuer-din-lang-2teilig-mit-2-laschen-40-farbig-aussenseite-bedruckt-mit-partieller-uvlackveredelung.html
DIN Lang salgsmappe med UV Spotlak,4+0,"0,40 mm starker Chromokarton 255g für 5mm",100,135.75,1018.125,1.6,1629,https://www.wir-machen-druck.de/mappe-fuer-din-lang-2teilig-mit-2-laschen-40-farbig-aussenseite-bedruckt-mit-partieller-uvlackveredelung.html
DIN Lang salgsmappe med UV Spotlak,4+0,"0,40 mm starker Chromokarton 255g für 5mm",150,159.84,1198.8,1.6,1918,https://www.wir-machen-druck.de/mappe-fuer-din-lang-2teilig-mit-2-laschen-40-farbig-aussenseite-bedruckt-mit-partieller-uvlackveredelung.html
DIN Lang salgsmappe med UV Spotlak,4+0,"0,40 mm starker Chromokarton 255g für 5mm",200,165.87,1244.025,1.6,1990,https://www.wir-machen-druck.de/mappe-fuer-din-lang-2teilig-mit-2-laschen-40-farbig-aussenseite-bedruckt-mit-partieller-uvlackveredelung.html
DIN Lang salgsmappe med UV Spotlak,4+0,"0,40 mm starker Chromokarton 255g für 5mm",250,171.9,1289.25,1.6,2063,https://www.wir-machen-druck.de/mappe-fuer-din-lang-2teilig-mit-2-laschen-40-farbig-aussenseite-bedruckt-mit-partieller-uvlackveredelung.html
DIN Lang salgsmappe med UV Spotlak,4+0,"0,40 mm starker Chromokarton 255g für 5mm",500,206.01,1545.075,1.6,2472,https://www.wir-machen-druck.de/mappe-fuer-din-lang-2teilig-mit-2-laschen-40-farbig-aussenseite-bedruckt-mit-partieller-uvlackveredelung.html
DIN Lang salgsmappe med UV Spotlak,4+0,"0,40 mm starker Chromokarton 255g für 5mm",750,290.28,2177.1,1.5,3266,https://www.wir-machen-druck.de/mappe-fuer-din-lang-2teilig-mit-2-laschen-40-farbig-aussenseite-bedruckt-mit-partieller-uvlackveredelung.html
DIN Lang salgsmappe med UV Spotlak,4+0,"0,40 mm starker Chromokarton 255g für 5mm",1000,318.38,2387.85,1.5,3582,https://www.wir-machen-druck.de/mappe-fuer-din-lang-2teilig-mit-2-laschen-40-farbig-aussenseite-bedruckt-mit-partieller-uvlackveredelung.html
DIN Lang salgsmappe med UV Spotlak,4+0,"0,40 mm starker Chromokarton 255g für 5mm",1500,507.84,3808.8,1.5,5713,https://www.wir-machen-druck.de/mappe-fuer-din-lang-2teilig-mit-2-laschen-40-farbig-aussenseite-bedruckt-mit-partieller-uvlackveredelung.html
DIN Lang salgsmappe med UV Spotlak,4+0,"0,40 mm starker Chromokarton 255g für 5mm",2000,555.13,4163.475,1.5,6245,https://www.wir-machen-druck.de/mappe-fuer-din-lang-2teilig-mit-2-laschen-40-farbig-aussenseite-bedruckt-mit-partieller-uvlackveredelung.html
DIN Lang salgsmappe med UV Spotlak,4+0,"0,40 mm starker Chromokarton 255g für 5mm",2500,602.43,4518.225,1.5,6777,https://www.wir-machen-druck.de/mappe-fuer-din-lang-2teilig-mit-2-laschen-40-farbig-aussenseite-bedruckt-mit-partieller-uvlackveredelung.html
DIN Lang salgsmappe med UV Spotlak,4+0,"0,40 mm starker Chromokarton 255g für 5mm",3000,884.35,6632.625,1.4,9286,https://www.wir-machen-druck.de/mappe-fuer-din-lang-2teilig-mit-2-laschen-40-farbig-aussenseite-bedruckt-mit-partieller-uvlackveredelung.html
DIN Lang salgsmappe med UV Spotlak,4+0,"0,40 mm starker Chromokarton 255g für 5mm",4000,978.33,7337.475,1.4,10272,https://www.wir-machen-druck.de/mappe-fuer-din-lang-2teilig-mit-2-laschen-40-farbig-aussenseite-bedruckt-mit-partieller-uvlackveredelung.html
DIN Lang salgsmappe med UV Spotlak,4+0,"0,40 mm starker Chromokarton 255g für 5mm",5000,1072.3,8042.25,1.4,11259,https://www.wir-machen-druck.de/mappe-fuer-din-lang-2teilig-mit-2-laschen-40-farbig-aussenseite-bedruckt-mit-partieller-uvlackveredelung.html
DIN Lang salgsmappe med UV Spotlak,4+4,"0,36 mm starker Bilderdruckkarton 350g matt für 5mm",100,155.86,1168.95,1.6,1870,https://www.wir-machen-druck.de/mappe-fuer-din-lang-2teilig-mit-2-laschen-44-farbig-aussen-und-innenseite-bedruckt-mit-partieller-uvlackveredelung.html
DIN Lang salgsmappe med UV Spotlak,4+4,"0,36 mm starker Bilderdruckkarton 350g matt für 5mm",150,183.37,1375.275,1.6,2200,https://www.wir-machen-druck.de/mappe-fuer-din-lang-2teilig-mit-2-laschen-44-farbig-aussen-und-innenseite-bedruckt-mit-partieller-uvlackveredelung.html
DIN Lang salgsmappe med UV Spotlak,4+4,"0,36 mm starker Bilderdruckkarton 350g matt für 5mm",200,190.26,1426.95,1.6,2283,https://www.wir-machen-druck.de/mappe-fuer-din-lang-2teilig-mit-2-laschen-44-farbig-aussen-und-innenseite-bedruckt-mit-partieller-uvlackveredelung.html
DIN Lang salgsmappe med UV Spotlak,4+4,"0,36 mm starker Bilderdruckkarton 350g matt für 5mm",250,203.59,1526.925,1.6,2443,https://www.wir-machen-druck.de/mappe-fuer-din-lang-2teilig-mit-2-laschen-44-farbig-aussen-und-innenseite-bedruckt-mit-partieller-uvlackveredelung.html
DIN Lang salgsmappe med UV Spotlak,4+4,"0,36 mm starker Bilderdruckkarton 350g matt für 5mm",500,267.03,2002.725,1.5,3004,https://www.wir-machen-druck.de/mappe-fuer-din-lang-2teilig-mit-2-laschen-44-farbig-aussen-und-innenseite-bedruckt-mit-partieller-uvlackveredelung.html
DIN Lang salgsmappe med UV Spotlak,4+4,"0,36 mm starker Bilderdruckkarton 350g matt für 5mm",750,342.81,2571.075,1.5,3857,https://www.wir-machen-druck.de/mappe-fuer-din-lang-2teilig-mit-2-laschen-44-farbig-aussen-und-innenseite-bedruckt-mit-partieller-uvlackveredelung.html
DIN Lang salgsmappe med UV Spotlak,4+4,"0,36 mm starker Bilderdruckkarton 350g matt für 5mm",1000,368.08,2760.6,1.5,4141,https://www.wir-machen-druck.de/mappe-fuer-din-lang-2teilig-mit-2-laschen-44-farbig-aussen-und-innenseite-bedruckt-mit-partieller-uvlackveredelung.html
DIN Lang salgsmappe med UV Spotlak,4+4,"0,36 mm starker Bilderdruckkarton 350g matt für 5mm",1500,605.85,4543.875,1.5,6816,https://www.wir-machen-druck.de/mappe-fuer-din-lang-2teilig-mit-2-laschen-44-farbig-aussen-und-innenseite-bedruckt-mit-partieller-uvlackveredelung.html
DIN Lang salgsmappe med UV Spotlak,4+4,"0,36 mm starker Bilderdruckkarton 350g matt für 5mm",2000,662.38,4967.85,1.5,7452,https://www.wir-machen-druck.de/mappe-fuer-din-lang-2teilig-mit-2-laschen-44-farbig-aussen-und-innenseite-bedruckt-mit-partieller-uvlackveredelung.html
DIN Lang salgsmappe med UV Spotlak,4+4,"0,36 mm starker Bilderdruckkarton 350g matt für 5mm",2500,718.9,5391.75,1.4,7548,https://www.wir-machen-druck.de/mappe-fuer-din-lang-2teilig-mit-2-laschen-44-farbig-aussen-und-innenseite-bedruckt-mit-partieller-uvlackveredelung.html
DIN Lang salgsmappe med UV Spotlak,4+4,"0,36 mm starker Bilderdruckkarton 350g matt für 5mm",3000,1054.43,7908.225,1.4,11072,https://www.wir-machen-druck.de/mappe-fuer-din-lang-2teilig-mit-2-laschen-44-farbig-aussen-und-innenseite-bedruckt-mit-partieller-uvlackveredelung.html
DIN Lang salgsmappe med UV Spotlak,4+4,"0,36 mm starker Bilderdruckkarton 350g matt für 5mm",4000,1166.28,8747.1,1.4,12246,https://www.wir-machen-druck.de/mappe-fuer-din-lang-2teilig-mit-2-laschen-44-farbig-aussen-und-innenseite-bedruckt-mit-partieller-uvlackveredelung.html
DIN Lang salgsmappe med UV Spotlak,4+4,"0,36 mm starker Bilderdruckkarton 350g matt für 5mm",5000,1278.12,9585.9,1.4,13420,https://www.wir-machen-druck.de/mappe-fuer-din-lang-2teilig-mit-2-laschen-44-farbig-aussen-und-innenseite-bedruckt-mit-partieller-uvlackveredelung.html
DIN Lang salgsmappe med UV Spotlak,4+4,"0,40 mm starker Chromokarton 255g für 5mm",100,148.82,1116.15,1.6,1786,https://www.wir-machen-druck.de/mappe-fuer-din-lang-2teilig-mit-2-laschen-44-farbig-aussen-und-innenseite-bedruckt-mit-partieller-uvlackveredelung.html
DIN Lang salgsmappe med UV Spotlak,4+4,"0,40 mm starker Chromokarton 255g für 5mm",150,175.09,1313.175,1.6,2101,https://www.wir-machen-druck.de/mappe-fuer-din-lang-2teilig-mit-2-laschen-44-farbig-aussen-und-innenseite-bedruckt-mit-partieller-uvlackveredelung.html
DIN Lang salgsmappe med UV Spotlak,4+4,"0,40 mm starker Chromokarton 255g für 5mm",200,181.67,1362.525,1.6,2180,https://www.wir-machen-druck.de/mappe-fuer-din-lang-2teilig-mit-2-laschen-44-farbig-aussen-und-innenseite-bedruckt-mit-partieller-uvlackveredelung.html
DIN Lang salgsmappe med UV Spotlak,4+4,"0,40 mm starker Chromokarton 255g für 5mm",250,188.23,1411.725,1.6,2259,https://www.wir-machen-druck.de/mappe-fuer-din-lang-2teilig-mit-2-laschen-44-farbig-aussen-und-innenseite-bedruckt-mit-partieller-uvlackveredelung.html
DIN Lang salgsmappe med UV Spotlak,4+4,"0,40 mm starker Chromokarton 255g für 5mm",500,246.88,1851.6,1.6,2963,https://www.wir-machen-druck.de/mappe-fuer-din-lang-2teilig-mit-2-laschen-44-farbig-aussen-und-innenseite-bedruckt-mit-partieller-uvlackveredelung.html
DIN Lang salgsmappe med UV Spotlak,4+4,"0,40 mm starker Chromokarton 255g für 5mm",750,316.95,2377.125,1.5,3566,https://www.wir-machen-druck.de/mappe-fuer-din-lang-2teilig-mit-2-laschen-44-farbig-aussen-und-innenseite-bedruckt-mit-partieller-uvlackveredelung.html
DIN Lang salgsmappe med UV Spotlak,4+4,"0,40 mm starker Chromokarton 255g für 5mm",1000,340.31,2552.325,1.5,3828,https://www.wir-machen-druck.de/mappe-fuer-din-lang-2teilig-mit-2-laschen-44-farbig-aussen-und-innenseite-bedruckt-mit-partieller-uvlackveredelung.html
DIN Lang salgsmappe med UV Spotlak,4+4,"0,40 mm starker Chromokarton 255g für 5mm",1500,543.36,4075.2,1.5,6113,https://www.wir-machen-druck.de/mappe-fuer-din-lang-2teilig-mit-2-laschen-44-farbig-aussen-und-innenseite-bedruckt-mit-partieller-uvlackveredelung.html
DIN Lang salgsmappe med UV Spotlak,4+4,"0,40 mm starker Chromokarton 255g für 5mm",2000,594.07,4455.525,1.5,6683,https://www.wir-machen-druck.de/mappe-fuer-din-lang-2teilig-mit-2-laschen-44-farbig-aussen-und-innenseite-bedruckt-mit-partieller-uvlackveredelung.html
DIN Lang salgsmappe med UV Spotlak,4+4,"0,40 mm starker Chromokarton 255g für 5mm",2500,644.76,4835.7,1.5,7254,https://www.wir-machen-druck.de/mappe-fuer-din-lang-2teilig-mit-2-laschen-44-farbig-aussen-und-innenseite-bedruckt-mit-partieller-uvlackveredelung.html
DIN Lang salgsmappe med UV Spotlak,4+4,"0,40 mm starker Chromokarton 255g für 5mm",3000,945.69,7092.675,1.4,9930,https://www.wir-machen-druck.de/mappe-fuer-din-lang-2teilig-mit-2-laschen-44-farbig-aussen-und-innenseite-bedruckt-mit-partieller-uvlackveredelung.html
DIN Lang salgsmappe med UV Spotlak,4+4,"0,40 mm starker Chromokarton 255g für 5mm",4000,1046,7845,1.4,10983,https://www.wir-machen-druck.de/mappe-fuer-din-lang-2teilig-mit-2-laschen-44-farbig-aussen-und-innenseite-bedruckt-mit-partieller-uvlackveredelung.html
DIN Lang salgsmappe med UV Spotlak,4+4,"0,40 mm starker Chromokarton 255g für 5mm",5000,1146.31,8597.325,1.4,12036,https://www.wir-machen-druck.de/mappe-fuer-din-lang-2teilig-mit-2-laschen-44-farbig-aussen-und-innenseite-bedruckt-mit-partieller-uvlackveredelung.html
