fold_type,side,format,material,quantity,eur,dkk_base,tier_multiplier,dkk_final,detail_url
Folder midterfalset,4 sider,10.5 x 10.5 cm,115g hochwertiger Qualitätsdruck glänzend,50,26.55,199.125,1.6,319,https://www.wir-machen-druck.de/faltblatt-gefalzt-auf-quadrat-105-cm-x-105-cm-vertikaler-mittelfalz-4seitig.html
Folder midterfalset,4 sider,10.5 x 10.5 cm,115g hochwertiger Qualitätsdruck glänzend,100,28.73,215.475,1.6,345,https://www.wir-machen-druck.de/faltblatt-gefalzt-auf-quadrat-105-cm-x-105-cm-vertikaler-mittelfalz-4seitig.html
Folder midterfalset,4 sider,10.5 x 10.5 cm,115g hochwertiger Qualitätsdruck glänzend,250,31.83,238.725,1.6,382,https://www.wir-machen-druck.de/faltblatt-gefalzt-auf-quadrat-105-cm-x-105-cm-vertikaler-mittelfalz-4seitig.html
Folder midterfalset,4 sider,10.5 x 10.5 cm,115g hochwertiger Qualitätsdruck glänzend,500,33.07,248.025,1.6,397,https://www.wir-machen-druck.de/faltblatt-gefalzt-auf-quadrat-105-cm-x-105-cm-vertikaler-mittelfalz-4seitig.html
Folder midterfalset,4 sider,10.5 x 10.5 cm,115g hochwertiger Qualitätsdruck glänzend,750,35.32,264.9,1.6,424,https://www.wir-machen-druck.de/faltblatt-gefalzt-auf-quadrat-105-cm-x-105-cm-vertikaler-mittelfalz-4seitig.html
Folder midterfalset,4 sider,10.5 x 10.5 cm,115g hochwertiger Qualitätsdruck glänzend,1000,37.57,281.775,1.6,451,https://www.wir-machen-druck.de/faltblatt-gefalzt-auf-quadrat-105-cm-x-105-cm-vertikaler-mittelfalz-4seitig.html
Folder midterfalset,4 sider,10.5 x 10.5 cm,115g hochwertiger Qualitätsdruck glänzend,1500,43.59,326.925,1.6,523,https://www.wir-machen-druck.de/faltblatt-gefalzt-auf-quadrat-105-cm-x-105-cm-vertikaler-mittelfalz-4seitig.html
Folder midterfalset,4 sider,10.5 x 10.5 cm,115g hochwertiger Qualitätsdruck glänzend,2000,47.31,354.825,1.6,568,https://www.wir-machen-druck.de/faltblatt-gefalzt-auf-quadrat-105-cm-x-105-cm-vertikaler-mittelfalz-4seitig.html
Folder midterfalset,4 sider,10.5 x 10.5 cm,115g hochwertiger Qualitätsdruck glänzend,2500,50.29,377.175,1.6,603,https://www.wir-machen-druck.de/faltblatt-gefalzt-auf-quadrat-105-cm-x-105-cm-vertikaler-mittelfalz-4seitig.html
Folder midterfalset,4 sider,10.5 x 10.5 cm,115g hochwertiger Qualitätsdruck glänzend,3000,55.73,417.975,1.6,669,https://www.wir-machen-druck.de/faltblatt-gefalzt-auf-quadrat-105-cm-x-105-cm-vertikaler-mittelfalz-4seitig.html
Folder midterfalset,4 sider,10.5 x 10.5 cm,115g hochwertiger Qualitätsdruck glänzend,4000,65.6,492,1.6,787,https://www.wir-machen-druck.de/faltblatt-gefalzt-auf-quadrat-105-cm-x-105-cm-vertikaler-mittelfalz-4seitig.html
Folder midterfalset,4 sider,10.5 x 10.5 cm,115g hochwertiger Qualitätsdruck glänzend,5000,75.83,568.725,1.6,910,https://www.wir-machen-druck.de/faltblatt-gefalzt-auf-quadrat-105-cm-x-105-cm-vertikaler-mittelfalz-4seitig.html
Folder midterfalset,4 sider,10.5 x 10.5 cm,115g hochwertiger Qualitätsdruck glänzend,6000,90.04,675.3,1.6,1080,https://www.wir-machen-druck.de/faltblatt-gefalzt-auf-quadrat-105-cm-x-105-cm-vertikaler-mittelfalz-4seitig.html
Folder midterfalset,4 sider,10.5 x 10.5 cm,115g hochwertiger Qualitätsdruck glänzend,7000,103.5,776.25,1.6,1242,https://www.wir-machen-druck.de/faltblatt-gefalzt-auf-quadrat-105-cm-x-105-cm-vertikaler-mittelfalz-4seitig.html
Folder midterfalset,4 sider,10.5 x 10.5 cm,115g hochwertiger Qualitätsdruck glänzend,8000,116.53,873.975,1.6,1398,https://www.wir-machen-druck.de/faltblatt-gefalzt-auf-quadrat-105-cm-x-105-cm-vertikaler-mittelfalz-4seitig.html
Folder midterfalset,4 sider,10.5 x 10.5 cm,115g hochwertiger Qualitätsdruck glänzend,9000,129.83,973.725,1.6,1558,https://www.wir-machen-druck.de/faltblatt-gefalzt-auf-quadrat-105-cm-x-105-cm-vertikaler-mittelfalz-4seitig.html
Folder midterfalset,4 sider,10.5 x 10.5 cm,115g hochwertiger Qualitätsdruck glänzend,10000,143.6,1077,1.6,1723,https://www.wir-machen-druck.de/faltblatt-gefalzt-auf-quadrat-105-cm-x-105-cm-vertikaler-mittelfalz-4seitig.html
Folder midterfalset,4 sider,10.5 x 10.5 cm,115g hochwertiger Qualitätsdruck glänzend,12500,172.75,1295.625,1.6,2073,https://www.wir-machen-druck.de/faltblatt-gefalzt-auf-quadrat-105-cm-x-105-cm-vertikaler-mittelfalz-4seitig.html
Folder midterfalset,4 sider,10.5 x 10.5 cm,115g hochwertiger Qualitätsdruck glänzend,15000,200.78,1505.85,1.6,2409,https://www.wir-machen-druck.de/faltblatt-gefalzt-auf-quadrat-105-cm-x-105-cm-vertikaler-mittelfalz-4seitig.html
Folder midterfalset,4 sider,10.5 x 10.5 cm,115g hochwertiger Qualitätsdruck glänzend,20000,254.12,1905.9,1.6,3049,https://www.wir-machen-druck.de/faltblatt-gefalzt-auf-quadrat-105-cm-x-105-cm-vertikaler-mittelfalz-4seitig.html
Folder midterfalset,4 sider,10.5 x 10.5 cm,115g hochwertiger Qualitätsdruck matt,50,26.55,199.125,1.6,319,https://www.wir-machen-druck.de/faltblatt-gefalzt-auf-quadrat-105-cm-x-105-cm-vertikaler-mittelfalz-4seitig.html
Folder midterfalset,4 sider,10.5 x 10.5 cm,115g hochwertiger Qualitätsdruck matt,100,28.68,215.1,1.6,344,https://www.wir-machen-druck.de/faltblatt-gefalzt-auf-quadrat-105-cm-x-105-cm-vertikaler-mittelfalz-4seitig.html
Folder midterfalset,4 sider,10.5 x 10.5 cm,115g hochwertiger Qualitätsdruck matt,250,31.65,237.375,1.6,380,https://www.wir-machen-druck.de/faltblatt-gefalzt-auf-quadrat-105-cm-x-105-cm-vertikaler-mittelfalz-4seitig.html
Folder midterfalset,4 sider,10.5 x 10.5 cm,115g hochwertiger Qualitätsdruck matt,500,33.03,247.725,1.6,396,https://www.wir-machen-druck.de/faltblatt-gefalzt-auf-quadrat-105-cm-x-105-cm-vertikaler-mittelfalz-4seitig.html
Folder midterfalset,4 sider,10.5 x 10.5 cm,115g hochwertiger Qualitätsdruck matt,750,35.04,262.8,1.6,420,https://www.wir-machen-druck.de/faltblatt-gefalzt-auf-quadrat-105-cm-x-105-cm-vertikaler-mittelfalz-4seitig.html
Folder midterfalset,4 sider,10.5 x 10.5 cm,115g hochwertiger Qualitätsdruck matt,1000,37.04,277.8,1.6,444,https://www.wir-machen-druck.de/faltblatt-gefalzt-auf-quadrat-105-cm-x-105-cm-vertikaler-mittelfalz-4seitig.html
Folder midterfalset,4 sider,10.5 x 10.5 cm,115g hochwertiger Qualitätsdruck matt,1500,42.88,321.6,1.6,515,https://www.wir-machen-druck.de/faltblatt-gefalzt-auf-quadrat-105-cm-x-105-cm-vertikaler-mittelfalz-4seitig.html
Folder midterfalset,4 sider,10.5 x 10.5 cm,115g hochwertiger Qualitätsdruck matt,2000,47.05,352.875,1.6,565,https://www.wir-machen-druck.de/faltblatt-gefalzt-auf-quadrat-105-cm-x-105-cm-vertikaler-mittelfalz-4seitig.html
Folder midterfalset,4 sider,10.5 x 10.5 cm,115g hochwertiger Qualitätsdruck matt,2500,50.11,375.825,1.6,601,https://www.wir-machen-druck.de/faltblatt-gefalzt-auf-quadrat-105-cm-x-105-cm-vertikaler-mittelfalz-4seitig.html
Folder midterfalset,4 sider,10.5 x 10.5 cm,115g hochwertiger Qualitätsdruck matt,3000,55.64,417.3,1.6,668,https://www.wir-machen-druck.de/faltblatt-gefalzt-auf-quadrat-105-cm-x-105-cm-vertikaler-mittelfalz-4seitig.html
Folder midterfalset,4 sider,10.5 x 10.5 cm,115g hochwertiger Qualitätsdruck matt,4000,65.2,489,1.6,782,https://www.wir-machen-druck.de/faltblatt-gefalzt-auf-quadrat-105-cm-x-105-cm-vertikaler-mittelfalz-4seitig.html
Folder midterfalset,4 sider,10.5 x 10.5 cm,115g hochwertiger Qualitätsdruck matt,5000,76.1,570.75,1.6,913,https://www.wir-machen-druck.de/faltblatt-gefalzt-auf-quadrat-105-cm-x-105-cm-vertikaler-mittelfalz-4seitig.html
Folder midterfalset,4 sider,10.5 x 10.5 cm,115g hochwertiger Qualitätsdruck matt,6000,89.94,674.55,1.6,1079,https://www.wir-machen-druck.de/faltblatt-gefalzt-auf-quadrat-105-cm-x-105-cm-vertikaler-mittelfalz-4seitig.html
Folder midterfalset,4 sider,10.5 x 10.5 cm,115g hochwertiger Qualitätsdruck matt,7000,103.19,773.925,1.6,1238,https://www.wir-machen-druck.de/faltblatt-gefalzt-auf-quadrat-105-cm-x-105-cm-vertikaler-mittelfalz-4seitig.html
Folder midterfalset,4 sider,10.5 x 10.5 cm,115g hochwertiger Qualitätsdruck matt,8000,116.29,872.175,1.6,1395,https://www.wir-machen-druck.de/faltblatt-gefalzt-auf-quadrat-105-cm-x-105-cm-vertikaler-mittelfalz-4seitig.html
Folder midterfalset,4 sider,10.5 x 10.5 cm,115g hochwertiger Qualitätsdruck matt,9000,130.52,978.9,1.6,1566,https://www.wir-machen-druck.de/faltblatt-gefalzt-auf-quadrat-105-cm-x-105-cm-vertikaler-mittelfalz-4seitig.html
Folder midterfalset,4 sider,10.5 x 10.5 cm,115g hochwertiger Qualitätsdruck matt,10000,143.82,1078.65,1.6,1726,https://www.wir-machen-druck.de/faltblatt-gefalzt-auf-quadrat-105-cm-x-105-cm-vertikaler-mittelfalz-4seitig.html
Folder midterfalset,4 sider,10.5 x 10.5 cm,115g hochwertiger Qualitätsdruck matt,12500,172.77,1295.775,1.6,2073,https://www.wir-machen-druck.de/faltblatt-gefalzt-auf-quadrat-105-cm-x-105-cm-vertikaler-mittelfalz-4seitig.html
Folder midterfalset,4 sider,10.5 x 10.5 cm,115g hochwertiger Qualitätsdruck matt,15000,200.78,1505.85,1.6,2409,https://www.wir-machen-druck.de/faltblatt-gefalzt-auf-quadrat-105-cm-x-105-cm-vertikaler-mittelfalz-4seitig.html
Folder midterfalset,4 sider,10.5 x 10.5 cm,115g hochwertiger Qualitätsdruck matt,20000,254.54,1909.05,1.6,3054,https://www.wir-machen-druck.de/faltblatt-gefalzt-auf-quadrat-105-cm-x-105-cm-vertikaler-mittelfalz-4seitig.html
Folder midterfalset,4 sider,10.5 x 10.5 cm,135g hochwertiger Qualitätsdruck glänzend,50,26.55,199.125,1.6,319,https://www.wir-machen-druck.de/faltblatt-gefalzt-auf-quadrat-105-cm-x-105-cm-vertikaler-mittelfalz-4seitig.html
Folder midterfalset,4 sider,10.5 x 10.5 cm,135g hochwertiger Qualitätsdruck glänzend,100,30.37,227.775,1.6,364,https://www.wir-machen-druck.de/faltblatt-gefalzt-auf-quadrat-105-cm-x-105-cm-vertikaler-mittelfalz-4seitig.html
Folder midterfalset,4 sider,10.5 x 10.5 cm,135g hochwertiger Qualitätsdruck glänzend,250,32.48,243.6,1.6,390,https://www.wir-machen-druck.de/faltblatt-gefalzt-auf-quadrat-105-cm-x-105-cm-vertikaler-mittelfalz-4seitig.html
Folder midterfalset,4 sider,10.5 x 10.5 cm,135g hochwertiger Qualitätsdruck glänzend,500,33.82,253.65,1.6,406,https://www.wir-machen-druck.de/faltblatt-gefalzt-auf-quadrat-105-cm-x-105-cm-vertikaler-mittelfalz-4seitig.html
Folder midterfalset,4 sider,10.5 x 10.5 cm,135g hochwertiger Qualitätsdruck glänzend,750,34.46,258.45,1.6,414,https://www.wir-machen-druck.de/faltblatt-gefalzt-auf-quadrat-105-cm-x-105-cm-vertikaler-mittelfalz-4seitig.html
Folder midterfalset,4 sider,10.5 x 10.5 cm,135g hochwertiger Qualitätsdruck glänzend,1000,35.1,263.25,1.6,421,https://www.wir-machen-druck.de/faltblatt-gefalzt-auf-quadrat-105-cm-x-105-cm-vertikaler-mittelfalz-4seitig.html
Folder midterfalset,4 sider,10.5 x 10.5 cm,135g hochwertiger Qualitätsdruck glänzend,1500,48.51,363.825,1.6,582,https://www.wir-machen-druck.de/faltblatt-gefalzt-auf-quadrat-105-cm-x-105-cm-vertikaler-mittelfalz-4seitig.html
Folder midterfalset,4 sider,10.5 x 10.5 cm,135g hochwertiger Qualitätsdruck glänzend,2000,53.15,398.625,1.6,638,https://www.wir-machen-druck.de/faltblatt-gefalzt-auf-quadrat-105-cm-x-105-cm-vertikaler-mittelfalz-4seitig.html
Folder midterfalset,4 sider,10.5 x 10.5 cm,135g hochwertiger Qualitätsdruck glänzend,2500,56.05,420.375,1.6,673,https://www.wir-machen-druck.de/faltblatt-gefalzt-auf-quadrat-105-cm-x-105-cm-vertikaler-mittelfalz-4seitig.html
Folder midterfalset,4 sider,10.5 x 10.5 cm,135g hochwertiger Qualitätsdruck glänzend,3000,61.48,461.1,1.6,738,https://www.wir-machen-druck.de/faltblatt-gefalzt-auf-quadrat-105-cm-x-105-cm-vertikaler-mittelfalz-4seitig.html
Folder midterfalset,4 sider,10.5 x 10.5 cm,135g hochwertiger Qualitätsdruck glänzend,4000,73.65,552.375,1.6,884,https://www.wir-machen-druck.de/faltblatt-gefalzt-auf-quadrat-105-cm-x-105-cm-vertikaler-mittelfalz-4seitig.html
Folder midterfalset,4 sider,10.5 x 10.5 cm,135g hochwertiger Qualitätsdruck glänzend,5000,85.98,644.85,1.6,1032,https://www.wir-machen-druck.de/faltblatt-gefalzt-auf-quadrat-105-cm-x-105-cm-vertikaler-mittelfalz-4seitig.html
Folder midterfalset,4 sider,10.5 x 10.5 cm,135g hochwertiger Qualitätsdruck glänzend,6000,101.58,761.85,1.6,1219,https://www.wir-machen-druck.de/faltblatt-gefalzt-auf-quadrat-105-cm-x-105-cm-vertikaler-mittelfalz-4seitig.html
Folder midterfalset,4 sider,10.5 x 10.5 cm,135g hochwertiger Qualitätsdruck glänzend,7000,116.85,876.375,1.6,1402,https://www.wir-machen-druck.de/faltblatt-gefalzt-auf-quadrat-105-cm-x-105-cm-vertikaler-mittelfalz-4seitig.html
Folder midterfalset,4 sider,10.5 x 10.5 cm,135g hochwertiger Qualitätsdruck glänzend,8000,132.85,996.375,1.6,1594,https://www.wir-machen-druck.de/faltblatt-gefalzt-auf-quadrat-105-cm-x-105-cm-vertikaler-mittelfalz-4seitig.html
Folder midterfalset,4 sider,10.5 x 10.5 cm,135g hochwertiger Qualitätsdruck glänzend,9000,148.43,1113.225,1.6,1781,https://www.wir-machen-druck.de/faltblatt-gefalzt-auf-quadrat-105-cm-x-105-cm-vertikaler-mittelfalz-4seitig.html
Folder midterfalset,4 sider,10.5 x 10.5 cm,135g hochwertiger Qualitätsdruck glänzend,10000,162.81,1221.075,1.6,1954,https://www.wir-machen-druck.de/faltblatt-gefalzt-auf-quadrat-105-cm-x-105-cm-vertikaler-mittelfalz-4seitig.html
Folder midterfalset,4 sider,10.5 x 10.5 cm,135g hochwertiger Qualitätsdruck glänzend,12500,197.07,1478.025,1.6,2365,https://www.wir-machen-druck.de/faltblatt-gefalzt-auf-quadrat-105-cm-x-105-cm-vertikaler-mittelfalz-4seitig.html
Folder midterfalset,4 sider,10.5 x 10.5 cm,135g hochwertiger Qualitätsdruck glänzend,15000,227.92,1709.4,1.6,2735,https://www.wir-machen-druck.de/faltblatt-gefalzt-auf-quadrat-105-cm-x-105-cm-vertikaler-mittelfalz-4seitig.html
Folder midterfalset,4 sider,10.5 x 10.5 cm,135g hochwertiger Qualitätsdruck glänzend,20000,291.25,2184.375,1.5,3277,https://www.wir-machen-druck.de/faltblatt-gefalzt-auf-quadrat-105-cm-x-105-cm-vertikaler-mittelfalz-4seitig.html
Folder midterfalset,4 sider,10.5 x 10.5 cm,135g hochwertiger Qualitätsdruck matt,50,26.55,199.125,1.6,319,https://www.wir-machen-druck.de/faltblatt-gefalzt-auf-quadrat-105-cm-x-105-cm-vertikaler-mittelfalz-4seitig.html
Folder midterfalset,4 sider,10.5 x 10.5 cm,135g hochwertiger Qualitätsdruck matt,100,30.37,227.775,1.6,364,https://www.wir-machen-druck.de/faltblatt-gefalzt-auf-quadrat-105-cm-x-105-cm-vertikaler-mittelfalz-4seitig.html
Folder midterfalset,4 sider,10.5 x 10.5 cm,135g hochwertiger Qualitätsdruck matt,250,32.2,241.5,1.6,386,https://www.wir-machen-druck.de/faltblatt-gefalzt-auf-quadrat-105-cm-x-105-cm-vertikaler-mittelfalz-4seitig.html
Folder midterfalset,4 sider,10.5 x 10.5 cm,135g hochwertiger Qualitätsdruck matt,500,33.78,253.35,1.6,405,https://www.wir-machen-druck.de/faltblatt-gefalzt-auf-quadrat-105-cm-x-105-cm-vertikaler-mittelfalz-4seitig.html
Folder midterfalset,4 sider,10.5 x 10.5 cm,135g hochwertiger Qualitätsdruck matt,750,34.32,257.4,1.6,412,https://www.wir-machen-druck.de/faltblatt-gefalzt-auf-quadrat-105-cm-x-105-cm-vertikaler-mittelfalz-4seitig.html
Folder midterfalset,4 sider,10.5 x 10.5 cm,135g hochwertiger Qualitätsdruck matt,1000,34.85,261.375,1.6,418,https://www.wir-machen-druck.de/faltblatt-gefalzt-auf-quadrat-105-cm-x-105-cm-vertikaler-mittelfalz-4seitig.html
Folder midterfalset,4 sider,10.5 x 10.5 cm,135g hochwertiger Qualitätsdruck matt,1500,48.52,363.9,1.6,582,https://www.wir-machen-druck.de/faltblatt-gefalzt-auf-quadrat-105-cm-x-105-cm-vertikaler-mittelfalz-4seitig.html
Folder midterfalset,4 sider,10.5 x 10.5 cm,135g hochwertiger Qualitätsdruck matt,2000,52.83,396.225,1.6,634,https://www.wir-machen-druck.de/faltblatt-gefalzt-auf-quadrat-105-cm-x-105-cm-vertikaler-mittelfalz-4seitig.html
Folder midterfalset,4 sider,10.5 x 10.5 cm,135g hochwertiger Qualitätsdruck matt,2500,56.43,423.225,1.6,677,https://www.wir-machen-druck.de/faltblatt-gefalzt-auf-quadrat-105-cm-x-105-cm-vertikaler-mittelfalz-4seitig.html
Folder midterfalset,4 sider,10.5 x 10.5 cm,135g hochwertiger Qualitätsdruck matt,3000,62.36,467.7,1.6,748,https://www.wir-machen-druck.de/faltblatt-gefalzt-auf-quadrat-105-cm-x-105-cm-vertikaler-mittelfalz-4seitig.html
Folder midterfalset,4 sider,10.5 x 10.5 cm,135g hochwertiger Qualitätsdruck matt,4000,74.26,556.95,1.6,891,https://www.wir-machen-druck.de/faltblatt-gefalzt-auf-quadrat-105-cm-x-105-cm-vertikaler-mittelfalz-4seitig.html
Folder midterfalset,4 sider,10.5 x 10.5 cm,135g hochwertiger Qualitätsdruck matt,5000,85.68,642.6,1.6,1028,https://www.wir-machen-druck.de/faltblatt-gefalzt-auf-quadrat-105-cm-x-105-cm-vertikaler-mittelfalz-4seitig.html
Folder midterfalset,4 sider,10.5 x 10.5 cm,135g hochwertiger Qualitätsdruck matt,6000,101.12,758.4,1.6,1213,https://www.wir-machen-druck.de/faltblatt-gefalzt-auf-quadrat-105-cm-x-105-cm-vertikaler-mittelfalz-4seitig.html
Folder midterfalset,4 sider,10.5 x 10.5 cm,135g hochwertiger Qualitätsdruck matt,7000,117.48,881.1,1.6,1410,https://www.wir-machen-druck.de/faltblatt-gefalzt-auf-quadrat-105-cm-x-105-cm-vertikaler-mittelfalz-4seitig.html
Folder midterfalset,4 sider,10.5 x 10.5 cm,135g hochwertiger Qualitätsdruck matt,8000,132.34,992.55,1.6,1588,https://www.wir-machen-druck.de/faltblatt-gefalzt-auf-quadrat-105-cm-x-105-cm-vertikaler-mittelfalz-4seitig.html
Folder midterfalset,4 sider,10.5 x 10.5 cm,135g hochwertiger Qualitätsdruck matt,9000,148.02,1110.15,1.6,1776,https://www.wir-machen-druck.de/faltblatt-gefalzt-auf-quadrat-105-cm-x-105-cm-vertikaler-mittelfalz-4seitig.html
Folder midterfalset,4 sider,10.5 x 10.5 cm,135g hochwertiger Qualitätsdruck matt,10000,162.81,1221.075,1.6,1954,https://www.wir-machen-druck.de/faltblatt-gefalzt-auf-quadrat-105-cm-x-105-cm-vertikaler-mittelfalz-4seitig.html
Folder midterfalset,4 sider,10.5 x 10.5 cm,135g hochwertiger Qualitätsdruck matt,12500,197.55,1481.625,1.6,2371,https://www.wir-machen-druck.de/faltblatt-gefalzt-auf-quadrat-105-cm-x-105-cm-vertikaler-mittelfalz-4seitig.html
Folder midterfalset,4 sider,10.5 x 10.5 cm,135g hochwertiger Qualitätsdruck matt,15000,227.92,1709.4,1.6,2735,https://www.wir-machen-druck.de/faltblatt-gefalzt-auf-quadrat-105-cm-x-105-cm-vertikaler-mittelfalz-4seitig.html
Folder midterfalset,4 sider,10.5 x 10.5 cm,135g hochwertiger Qualitätsdruck matt,20000,291.25,2184.375,1.5,3277,https://www.wir-machen-druck.de/faltblatt-gefalzt-auf-quadrat-105-cm-x-105-cm-vertikaler-mittelfalz-4seitig.html
Folder midterfalset,4 sider,10.5 x 10.5 cm,170g hochwertiger Qualitätsdruck glänzend,50,28.54,214.05,1.6,342,https://www.wir-machen-druck.de/faltblatt-gefalzt-auf-quadrat-105-cm-x-105-cm-vertikaler-mittelfalz-4seitig.html
Folder midterfalset,4 sider,10.5 x 10.5 cm,170g hochwertiger Qualitätsdruck glänzend,100,32.87,246.525,1.6,394,https://www.wir-machen-druck.de/faltblatt-gefalzt-auf-quadrat-105-cm-x-105-cm-vertikaler-mittelfalz-4seitig.html
Folder midterfalset,4 sider,10.5 x 10.5 cm,170g hochwertiger Qualitätsdruck glänzend,250,34.77,260.775,1.6,417,https://www.wir-machen-druck.de/faltblatt-gefalzt-auf-quadrat-105-cm-x-105-cm-vertikaler-mittelfalz-4seitig.html
Folder midterfalset,4 sider,10.5 x 10.5 cm,170g hochwertiger Qualitätsdruck glänzend,500,36.78,275.85,1.6,441,https://www.wir-machen-druck.de/faltblatt-gefalzt-auf-quadrat-105-cm-x-105-cm-vertikaler-mittelfalz-4seitig.html
Folder midterfalset,4 sider,10.5 x 10.5 cm,170g hochwertiger Qualitätsdruck glänzend,750,37.05,277.875,1.6,445,https://www.wir-machen-druck.de/faltblatt-gefalzt-auf-quadrat-105-cm-x-105-cm-vertikaler-mittelfalz-4seitig.html
Folder midterfalset,4 sider,10.5 x 10.5 cm,170g hochwertiger Qualitätsdruck glänzend,1000,37.32,279.9,1.6,448,https://www.wir-machen-druck.de/faltblatt-gefalzt-auf-quadrat-105-cm-x-105-cm-vertikaler-mittelfalz-4seitig.html
Folder midterfalset,4 sider,10.5 x 10.5 cm,170g hochwertiger Qualitätsdruck glänzend,1500,53.86,403.95,1.6,646,https://www.wir-machen-druck.de/faltblatt-gefalzt-auf-quadrat-105-cm-x-105-cm-vertikaler-mittelfalz-4seitig.html
Folder midterfalset,4 sider,10.5 x 10.5 cm,170g hochwertiger Qualitätsdruck glänzend,2000,59.62,447.15,1.6,715,https://www.wir-machen-druck.de/faltblatt-gefalzt-auf-quadrat-105-cm-x-105-cm-vertikaler-mittelfalz-4seitig.html
Folder midterfalset,4 sider,10.5 x 10.5 cm,170g hochwertiger Qualitätsdruck glänzend,2500,62.43,468.225,1.6,749,https://www.wir-machen-druck.de/faltblatt-gefalzt-auf-quadrat-105-cm-x-105-cm-vertikaler-mittelfalz-4seitig.html
Folder midterfalset,4 sider,10.5 x 10.5 cm,170g hochwertiger Qualitätsdruck glänzend,3000,71.14,533.55,1.6,854,https://www.wir-machen-druck.de/faltblatt-gefalzt-auf-quadrat-105-cm-x-105-cm-vertikaler-mittelfalz-4seitig.html
Folder midterfalset,4 sider,10.5 x 10.5 cm,170g hochwertiger Qualitätsdruck glänzend,4000,86.93,651.975,1.6,1043,https://www.wir-machen-druck.de/faltblatt-gefalzt-auf-quadrat-105-cm-x-105-cm-vertikaler-mittelfalz-4seitig.html
Folder midterfalset,4 sider,10.5 x 10.5 cm,170g hochwertiger Qualitätsdruck glänzend,5000,103.15,773.625,1.6,1238,https://www.wir-machen-druck.de/faltblatt-gefalzt-auf-quadrat-105-cm-x-105-cm-vertikaler-mittelfalz-4seitig.html
Folder midterfalset,4 sider,10.5 x 10.5 cm,170g hochwertiger Qualitätsdruck glänzend,6000,121.7,912.75,1.6,1460,https://www.wir-machen-druck.de/faltblatt-gefalzt-auf-quadrat-105-cm-x-105-cm-vertikaler-mittelfalz-4seitig.html
Folder midterfalset,4 sider,10.5 x 10.5 cm,170g hochwertiger Qualitätsdruck glänzend,7000,139.78,1048.35,1.6,1677,https://www.wir-machen-druck.de/faltblatt-gefalzt-auf-quadrat-105-cm-x-105-cm-vertikaler-mittelfalz-4seitig.html
Folder midterfalset,4 sider,10.5 x 10.5 cm,170g hochwertiger Qualitätsdruck glänzend,8000,158.98,1192.35,1.6,1908,https://www.wir-machen-druck.de/faltblatt-gefalzt-auf-quadrat-105-cm-x-105-cm-vertikaler-mittelfalz-4seitig.html
Folder midterfalset,4 sider,10.5 x 10.5 cm,170g hochwertiger Qualitätsdruck glänzend,9000,177.3,1329.75,1.6,2128,https://www.wir-machen-druck.de/faltblatt-gefalzt-auf-quadrat-105-cm-x-105-cm-vertikaler-mittelfalz-4seitig.html
Folder midterfalset,4 sider,10.5 x 10.5 cm,170g hochwertiger Qualitätsdruck glänzend,10000,195.73,1467.975,1.6,2349,https://www.wir-machen-druck.de/faltblatt-gefalzt-auf-quadrat-105-cm-x-105-cm-vertikaler-mittelfalz-4seitig.html
Folder midterfalset,4 sider,10.5 x 10.5 cm,170g hochwertiger Qualitätsdruck glänzend,12500,236.03,1770.225,1.6,2832,https://www.wir-machen-druck.de/faltblatt-gefalzt-auf-quadrat-105-cm-x-105-cm-vertikaler-mittelfalz-4seitig.html
Folder midterfalset,4 sider,10.5 x 10.5 cm,170g hochwertiger Qualitätsdruck glänzend,15000,276.21,2071.575,1.5,3107,https://www.wir-machen-druck.de/faltblatt-gefalzt-auf-quadrat-105-cm-x-105-cm-vertikaler-mittelfalz-4seitig.html
Folder midterfalset,4 sider,10.5 x 10.5 cm,170g hochwertiger Qualitätsdruck glänzend,20000,360.03,2700.225,1.5,4050,https://www.wir-machen-druck.de/faltblatt-gefalzt-auf-quadrat-105-cm-x-105-cm-vertikaler-mittelfalz-4seitig.html
Folder midterfalset,4 sider,10.5 x 10.5 cm,170g hochwertiger Qualitätsdruck matt,50,28.54,214.05,1.6,342,https://www.wir-machen-druck.de/faltblatt-gefalzt-auf-quadrat-105-cm-x-105-cm-vertikaler-mittelfalz-4seitig.html
Folder midterfalset,4 sider,10.5 x 10.5 cm,170g hochwertiger Qualitätsdruck matt,100,32.87,246.525,1.6,394,https://www.wir-machen-druck.de/faltblatt-gefalzt-auf-quadrat-105-cm-x-105-cm-vertikaler-mittelfalz-4seitig.html
Folder midterfalset,4 sider,10.5 x 10.5 cm,170g hochwertiger Qualitätsdruck matt,250,34.71,260.325,1.6,417,https://www.wir-machen-druck.de/faltblatt-gefalzt-auf-quadrat-105-cm-x-105-cm-vertikaler-mittelfalz-4seitig.html
Folder midterfalset,4 sider,10.5 x 10.5 cm,170g hochwertiger Qualitätsdruck matt,500,36.77,275.775,1.6,441,https://www.wir-machen-druck.de/faltblatt-gefalzt-auf-quadrat-105-cm-x-105-cm-vertikaler-mittelfalz-4seitig.html
Folder midterfalset,4 sider,10.5 x 10.5 cm,170g hochwertiger Qualitätsdruck matt,750,36.89,276.675,1.6,443,https://www.wir-machen-druck.de/faltblatt-gefalzt-auf-quadrat-105-cm-x-105-cm-vertikaler-mittelfalz-4seitig.html
Folder midterfalset,4 sider,10.5 x 10.5 cm,170g hochwertiger Qualitätsdruck matt,1000,37.01,277.575,1.6,444,https://www.wir-machen-druck.de/faltblatt-gefalzt-auf-quadrat-105-cm-x-105-cm-vertikaler-mittelfalz-4seitig.html
Folder midterfalset,4 sider,10.5 x 10.5 cm,170g hochwertiger Qualitätsdruck matt,1500,53.82,403.65,1.6,646,https://www.wir-machen-druck.de/faltblatt-gefalzt-auf-quadrat-105-cm-x-105-cm-vertikaler-mittelfalz-4seitig.html
Folder midterfalset,4 sider,10.5 x 10.5 cm,170g hochwertiger Qualitätsdruck matt,2000,59.18,443.85,1.6,710,https://www.wir-machen-druck.de/faltblatt-gefalzt-auf-quadrat-105-cm-x-105-cm-vertikaler-mittelfalz-4seitig.html
Folder midterfalset,4 sider,10.5 x 10.5 cm,170g hochwertiger Qualitätsdruck matt,2500,62.4,468,1.6,749,https://www.wir-machen-druck.de/faltblatt-gefalzt-auf-quadrat-105-cm-x-105-cm-vertikaler-mittelfalz-4seitig.html
Folder midterfalset,4 sider,10.5 x 10.5 cm,170g hochwertiger Qualitätsdruck matt,3000,71.3,534.75,1.6,856,https://www.wir-machen-druck.de/faltblatt-gefalzt-auf-quadrat-105-cm-x-105-cm-vertikaler-mittelfalz-4seitig.html
Folder midterfalset,4 sider,10.5 x 10.5 cm,170g hochwertiger Qualitätsdruck matt,4000,86.9,651.75,1.6,1043,https://www.wir-machen-druck.de/faltblatt-gefalzt-auf-quadrat-105-cm-x-105-cm-vertikaler-mittelfalz-4seitig.html
Folder midterfalset,4 sider,10.5 x 10.5 cm,170g hochwertiger Qualitätsdruck matt,5000,103.12,773.4,1.6,1237,https://www.wir-machen-druck.de/faltblatt-gefalzt-auf-quadrat-105-cm-x-105-cm-vertikaler-mittelfalz-4seitig.html
Folder midterfalset,4 sider,10.5 x 10.5 cm,170g hochwertiger Qualitätsdruck matt,6000,122.04,915.3,1.6,1464,https://www.wir-machen-druck.de/faltblatt-gefalzt-auf-quadrat-105-cm-x-105-cm-vertikaler-mittelfalz-4seitig.html
Folder midterfalset,4 sider,10.5 x 10.5 cm,170g hochwertiger Qualitätsdruck matt,7000,140.54,1054.05,1.6,1686,https://www.wir-machen-druck.de/faltblatt-gefalzt-auf-quadrat-105-cm-x-105-cm-vertikaler-mittelfalz-4seitig.html
Folder midterfalset,4 sider,10.5 x 10.5 cm,170g hochwertiger Qualitätsdruck matt,8000,158.77,1190.775,1.6,1905,https://www.wir-machen-druck.de/faltblatt-gefalzt-auf-quadrat-105-cm-x-105-cm-vertikaler-mittelfalz-4seitig.html
Folder midterfalset,4 sider,10.5 x 10.5 cm,170g hochwertiger Qualitätsdruck matt,9000,176.97,1327.275,1.6,2124,https://www.wir-machen-druck.de/faltblatt-gefalzt-auf-quadrat-105-cm-x-105-cm-vertikaler-mittelfalz-4seitig.html
Folder midterfalset,4 sider,10.5 x 10.5 cm,170g hochwertiger Qualitätsdruck matt,10000,195.69,1467.675,1.6,2348,https://www.wir-machen-druck.de/faltblatt-gefalzt-auf-quadrat-105-cm-x-105-cm-vertikaler-mittelfalz-4seitig.html
Folder midterfalset,4 sider,10.5 x 10.5 cm,170g hochwertiger Qualitätsdruck matt,12500,235.82,1768.65,1.6,2830,https://www.wir-machen-druck.de/faltblatt-gefalzt-auf-quadrat-105-cm-x-105-cm-vertikaler-mittelfalz-4seitig.html
Folder midterfalset,4 sider,10.5 x 10.5 cm,170g hochwertiger Qualitätsdruck matt,15000,276.27,2072.025,1.5,3108,https://www.wir-machen-druck.de/faltblatt-gefalzt-auf-quadrat-105-cm-x-105-cm-vertikaler-mittelfalz-4seitig.html
Folder midterfalset,4 sider,10.5 x 10.5 cm,170g hochwertiger Qualitätsdruck matt,20000,359.94,2699.55,1.5,4049,https://www.wir-machen-druck.de/faltblatt-gefalzt-auf-quadrat-105-cm-x-105-cm-vertikaler-mittelfalz-4seitig.html
Folder midterfalset,4 sider,10.5 x 10.5 cm,250g hochwertiger Qualitätsdruck glänzend,50,10.08,75.6,1.6,121,https://www.wir-machen-druck.de/faltblatt-gefalzt-auf-quadrat-105-cm-x-105-cm-vertikaler-mittelfalz-4seitig.html
Folder midterfalset,4 sider,10.5 x 10.5 cm,250g hochwertiger Qualitätsdruck glänzend,100,15.13,113.475,1.6,182,https://www.wir-machen-druck.de/faltblatt-gefalzt-auf-quadrat-105-cm-x-105-cm-vertikaler-mittelfalz-4seitig.html
Folder midterfalset,4 sider,10.5 x 10.5 cm,250g hochwertiger Qualitätsdruck glänzend,250,38.14,286.05,1.6,458,https://www.wir-machen-druck.de/faltblatt-gefalzt-auf-quadrat-105-cm-x-105-cm-vertikaler-mittelfalz-4seitig.html
Folder midterfalset,4 sider,10.5 x 10.5 cm,250g hochwertiger Qualitätsdruck glänzend,500,38.7,290.25,1.6,464,https://www.wir-machen-druck.de/faltblatt-gefalzt-auf-quadrat-105-cm-x-105-cm-vertikaler-mittelfalz-4seitig.html
Folder midterfalset,4 sider,10.5 x 10.5 cm,250g hochwertiger Qualitätsdruck glänzend,750,38.94,292.05,1.6,467,https://www.wir-machen-druck.de/faltblatt-gefalzt-auf-quadrat-105-cm-x-105-cm-vertikaler-mittelfalz-4seitig.html
Folder midterfalset,4 sider,10.5 x 10.5 cm,250g hochwertiger Qualitätsdruck glänzend,1000,40.62,304.65,1.6,487,https://www.wir-machen-druck.de/faltblatt-gefalzt-auf-quadrat-105-cm-x-105-cm-vertikaler-mittelfalz-4seitig.html
Folder midterfalset,4 sider,10.5 x 10.5 cm,250g hochwertiger Qualitätsdruck glänzend,1500,61.08,458.1,1.6,733,https://www.wir-machen-druck.de/faltblatt-gefalzt-auf-quadrat-105-cm-x-105-cm-vertikaler-mittelfalz-4seitig.html
Folder midterfalset,4 sider,10.5 x 10.5 cm,250g hochwertiger Qualitätsdruck glänzend,2000,69.12,518.4,1.6,829,https://www.wir-machen-druck.de/faltblatt-gefalzt-auf-quadrat-105-cm-x-105-cm-vertikaler-mittelfalz-4seitig.html
Folder midterfalset,4 sider,10.5 x 10.5 cm,250g hochwertiger Qualitätsdruck glänzend,2500,71.71,537.825,1.6,861,https://www.wir-machen-druck.de/faltblatt-gefalzt-auf-quadrat-105-cm-x-105-cm-vertikaler-mittelfalz-4seitig.html
Folder midterfalset,4 sider,10.5 x 10.5 cm,250g hochwertiger Qualitätsdruck glänzend,3000,82.13,615.975,1.6,986,https://www.wir-machen-druck.de/faltblatt-gefalzt-auf-quadrat-105-cm-x-105-cm-vertikaler-mittelfalz-4seitig.html
Folder midterfalset,4 sider,10.5 x 10.5 cm,250g hochwertiger Qualitätsdruck glänzend,4000,104.23,781.725,1.6,1251,https://www.wir-machen-druck.de/faltblatt-gefalzt-auf-quadrat-105-cm-x-105-cm-vertikaler-mittelfalz-4seitig.html
Folder midterfalset,4 sider,10.5 x 10.5 cm,250g hochwertiger Qualitätsdruck glänzend,5000,126.49,948.675,1.6,1518,https://www.wir-machen-druck.de/faltblatt-gefalzt-auf-quadrat-105-cm-x-105-cm-vertikaler-mittelfalz-4seitig.html
Folder midterfalset,4 sider,10.5 x 10.5 cm,250g hochwertiger Qualitätsdruck glänzend,6000,149.92,1124.4,1.6,1799,https://www.wir-machen-druck.de/faltblatt-gefalzt-auf-quadrat-105-cm-x-105-cm-vertikaler-mittelfalz-4seitig.html
Folder midterfalset,4 sider,10.5 x 10.5 cm,250g hochwertiger Qualitätsdruck glänzend,7000,173.76,1303.2,1.6,2085,https://www.wir-machen-druck.de/faltblatt-gefalzt-auf-quadrat-105-cm-x-105-cm-vertikaler-mittelfalz-4seitig.html
Folder midterfalset,4 sider,10.5 x 10.5 cm,250g hochwertiger Qualitätsdruck glänzend,8000,197.3,1479.75,1.6,2368,https://www.wir-machen-druck.de/faltblatt-gefalzt-auf-quadrat-105-cm-x-105-cm-vertikaler-mittelfalz-4seitig.html
Folder midterfalset,4 sider,10.5 x 10.5 cm,250g hochwertiger Qualitätsdruck glänzend,9000,220.02,1650.15,1.6,2640,https://www.wir-machen-druck.de/faltblatt-gefalzt-auf-quadrat-105-cm-x-105-cm-vertikaler-mittelfalz-4seitig.html
Folder midterfalset,4 sider,10.5 x 10.5 cm,250g hochwertiger Qualitätsdruck glänzend,10000,243.65,1827.375,1.6,2924,https://www.wir-machen-druck.de/faltblatt-gefalzt-auf-quadrat-105-cm-x-105-cm-vertikaler-mittelfalz-4seitig.html
Folder midterfalset,4 sider,10.5 x 10.5 cm,250g hochwertiger Qualitätsdruck glänzend,12500,296.22,2221.65,1.5,3332,https://www.wir-machen-druck.de/faltblatt-gefalzt-auf-quadrat-105-cm-x-105-cm-vertikaler-mittelfalz-4seitig.html
Folder midterfalset,4 sider,10.5 x 10.5 cm,250g hochwertiger Qualitätsdruck glänzend,15000,347.9,2609.25,1.5,3914,https://www.wir-machen-druck.de/faltblatt-gefalzt-auf-quadrat-105-cm-x-105-cm-vertikaler-mittelfalz-4seitig.html
Folder midterfalset,4 sider,10.5 x 10.5 cm,250g hochwertiger Qualitätsdruck glänzend,20000,450.96,3382.2,1.5,5073,https://www.wir-machen-druck.de/faltblatt-gefalzt-auf-quadrat-105-cm-x-105-cm-vertikaler-mittelfalz-4seitig.html
Folder midterfalset,4 sider,10.5 x 10.5 cm,250g hochwertiger Qualitätsdruck matt,50,10.15,76.125,1.6,122,https://www.wir-machen-druck.de/faltblatt-gefalzt-auf-quadrat-105-cm-x-105-cm-vertikaler-mittelfalz-4seitig.html
Folder midterfalset,4 sider,10.5 x 10.5 cm,250g hochwertiger Qualitätsdruck matt,100,15.18,113.85,1.6,182,https://www.wir-machen-druck.de/faltblatt-gefalzt-auf-quadrat-105-cm-x-105-cm-vertikaler-mittelfalz-4seitig.html
Folder midterfalset,4 sider,10.5 x 10.5 cm,250g hochwertiger Qualitätsdruck matt,250,38.14,286.05,1.6,458,https://www.wir-machen-druck.de/faltblatt-gefalzt-auf-quadrat-105-cm-x-105-cm-vertikaler-mittelfalz-4seitig.html
Folder midterfalset,4 sider,10.5 x 10.5 cm,250g hochwertiger Qualitätsdruck matt,500,38.71,290.325,1.6,465,https://www.wir-machen-druck.de/faltblatt-gefalzt-auf-quadrat-105-cm-x-105-cm-vertikaler-mittelfalz-4seitig.html
Folder midterfalset,4 sider,10.5 x 10.5 cm,250g hochwertiger Qualitätsdruck matt,750,39.58,296.85,1.6,475,https://www.wir-machen-druck.de/faltblatt-gefalzt-auf-quadrat-105-cm-x-105-cm-vertikaler-mittelfalz-4seitig.html
Folder midterfalset,4 sider,10.5 x 10.5 cm,250g hochwertiger Qualitätsdruck matt,1000,40.44,303.3,1.6,485,https://www.wir-machen-druck.de/faltblatt-gefalzt-auf-quadrat-105-cm-x-105-cm-vertikaler-mittelfalz-4seitig.html
Folder midterfalset,4 sider,10.5 x 10.5 cm,250g hochwertiger Qualitätsdruck matt,1500,60.43,453.225,1.6,725,https://www.wir-machen-druck.de/faltblatt-gefalzt-auf-quadrat-105-cm-x-105-cm-vertikaler-mittelfalz-4seitig.html
Folder midterfalset,4 sider,10.5 x 10.5 cm,250g hochwertiger Qualitätsdruck matt,2000,69.12,518.4,1.6,829,https://www.wir-machen-druck.de/faltblatt-gefalzt-auf-quadrat-105-cm-x-105-cm-vertikaler-mittelfalz-4seitig.html
Folder midterfalset,4 sider,10.5 x 10.5 cm,250g hochwertiger Qualitätsdruck matt,2500,71.79,538.425,1.6,861,https://www.wir-machen-druck.de/faltblatt-gefalzt-auf-quadrat-105-cm-x-105-cm-vertikaler-mittelfalz-4seitig.html
Folder midterfalset,4 sider,10.5 x 10.5 cm,250g hochwertiger Qualitätsdruck matt,3000,82.46,618.45,1.6,990,https://www.wir-machen-druck.de/faltblatt-gefalzt-auf-quadrat-105-cm-x-105-cm-vertikaler-mittelfalz-4seitig.html
Folder midterfalset,4 sider,10.5 x 10.5 cm,250g hochwertiger Qualitätsdruck matt,4000,104.33,782.475,1.6,1252,https://www.wir-machen-druck.de/faltblatt-gefalzt-auf-quadrat-105-cm-x-105-cm-vertikaler-mittelfalz-4seitig.html
Folder midterfalset,4 sider,10.5 x 10.5 cm,250g hochwertiger Qualitätsdruck matt,5000,126.32,947.4,1.6,1516,https://www.wir-machen-druck.de/faltblatt-gefalzt-auf-quadrat-105-cm-x-105-cm-vertikaler-mittelfalz-4seitig.html
Folder midterfalset,4 sider,10.5 x 10.5 cm,250g hochwertiger Qualitätsdruck matt,6000,150.39,1127.925,1.6,1805,https://www.wir-machen-druck.de/faltblatt-gefalzt-auf-quadrat-105-cm-x-105-cm-vertikaler-mittelfalz-4seitig.html
Folder midterfalset,4 sider,10.5 x 10.5 cm,250g hochwertiger Qualitätsdruck matt,7000,173.64,1302.3,1.6,2084,https://www.wir-machen-druck.de/faltblatt-gefalzt-auf-quadrat-105-cm-x-105-cm-vertikaler-mittelfalz-4seitig.html
Folder midterfalset,4 sider,10.5 x 10.5 cm,250g hochwertiger Qualitätsdruck matt,8000,197.27,1479.525,1.6,2367,https://www.wir-machen-druck.de/faltblatt-gefalzt-auf-quadrat-105-cm-x-105-cm-vertikaler-mittelfalz-4seitig.html
Folder midterfalset,4 sider,10.5 x 10.5 cm,250g hochwertiger Qualitätsdruck matt,9000,220.24,1651.8,1.6,2643,https://www.wir-machen-druck.de/faltblatt-gefalzt-auf-quadrat-105-cm-x-105-cm-vertikaler-mittelfalz-4seitig.html
Folder midterfalset,4 sider,10.5 x 10.5 cm,250g hochwertiger Qualitätsdruck matt,10000,243.83,1828.725,1.6,2926,https://www.wir-machen-druck.de/faltblatt-gefalzt-auf-quadrat-105-cm-x-105-cm-vertikaler-mittelfalz-4seitig.html
Folder midterfalset,4 sider,10.5 x 10.5 cm,250g hochwertiger Qualitätsdruck matt,12500,296.48,2223.6,1.5,3335,https://www.wir-machen-druck.de/faltblatt-gefalzt-auf-quadrat-105-cm-x-105-cm-vertikaler-mittelfalz-4seitig.html
Folder midterfalset,4 sider,10.5 x 10.5 cm,250g hochwertiger Qualitätsdruck matt,15000,348.66,2614.95,1.5,3922,https://www.wir-machen-druck.de/faltblatt-gefalzt-auf-quadrat-105-cm-x-105-cm-vertikaler-mittelfalz-4seitig.html
Folder midterfalset,4 sider,10.5 x 10.5 cm,250g hochwertiger Qualitätsdruck matt,20000,450.95,3382.125,1.5,5073,https://www.wir-machen-druck.de/faltblatt-gefalzt-auf-quadrat-105-cm-x-105-cm-vertikaler-mittelfalz-4seitig.html
Folder midterfalset,4 sider,10.5 x 10.5 cm,"Offset: 80g Qualitätsdruck auf Offsetpapier (beschreibbar, Inkjet- und Laserdruck geeignet)",50,24.06,180.45,1.6,289,https://www.wir-machen-druck.de/faltblatt-gefalzt-auf-quadrat-105-cm-x-105-cm-vertikaler-mittelfalz-4seitig.html
Folder midterfalset,4 sider,10.5 x 10.5 cm,"Offset: 80g Qualitätsdruck auf Offsetpapier (beschreibbar, Inkjet- und Laserdruck geeignet)",100,27.6,207,1.6,331,https://www.wir-machen-druck.de/faltblatt-gefalzt-auf-quadrat-105-cm-x-105-cm-vertikaler-mittelfalz-4seitig.html
Folder midterfalset,4 sider,10.5 x 10.5 cm,"Offset: 80g Qualitätsdruck auf Offsetpapier (beschreibbar, Inkjet- und Laserdruck geeignet)",250,33.63,252.225,1.6,404,https://www.wir-machen-druck.de/faltblatt-gefalzt-auf-quadrat-105-cm-x-105-cm-vertikaler-mittelfalz-4seitig.html
Folder midterfalset,4 sider,10.5 x 10.5 cm,"Offset: 80g Qualitätsdruck auf Offsetpapier (beschreibbar, Inkjet- und Laserdruck geeignet)",500,34.84,261.3,1.6,418,https://www.wir-machen-druck.de/faltblatt-gefalzt-auf-quadrat-105-cm-x-105-cm-vertikaler-mittelfalz-4seitig.html
Folder midterfalset,4 sider,10.5 x 10.5 cm,"Offset: 80g Qualitätsdruck auf Offsetpapier (beschreibbar, Inkjet- und Laserdruck geeignet)",750,35.81,268.575,1.6,430,https://www.wir-machen-druck.de/faltblatt-gefalzt-auf-quadrat-105-cm-x-105-cm-vertikaler-mittelfalz-4seitig.html
Folder midterfalset,4 sider,10.5 x 10.5 cm,"Offset: 80g Qualitätsdruck auf Offsetpapier (beschreibbar, Inkjet- und Laserdruck geeignet)",1000,40.19,301.425,1.6,482,https://www.wir-machen-druck.de/faltblatt-gefalzt-auf-quadrat-105-cm-x-105-cm-vertikaler-mittelfalz-4seitig.html
Folder midterfalset,4 sider,10.5 x 10.5 cm,"Offset: 80g Qualitätsdruck auf Offsetpapier (beschreibbar, Inkjet- und Laserdruck geeignet)",2000,52.97,397.275,1.6,636,https://www.wir-machen-druck.de/faltblatt-gefalzt-auf-quadrat-105-cm-x-105-cm-vertikaler-mittelfalz-4seitig.html
Folder midterfalset,4 sider,10.5 x 10.5 cm,"Offset: 80g Qualitätsdruck auf Offsetpapier (beschreibbar, Inkjet- und Laserdruck geeignet)",2500,58.05,435.375,1.6,697,https://www.wir-machen-druck.de/faltblatt-gefalzt-auf-quadrat-105-cm-x-105-cm-vertikaler-mittelfalz-4seitig.html
Folder midterfalset,4 sider,10.5 x 10.5 cm,"Offset: 80g Qualitätsdruck auf Offsetpapier (beschreibbar, Inkjet- und Laserdruck geeignet)",5000,82.57,619.275,1.6,991,https://www.wir-machen-druck.de/faltblatt-gefalzt-auf-quadrat-105-cm-x-105-cm-vertikaler-mittelfalz-4seitig.html
Folder midterfalset,4 sider,10.5 x 10.5 cm,"Offset: 80g Qualitätsdruck auf Offsetpapier (beschreibbar, Inkjet- und Laserdruck geeignet)",10000,137.17,1028.775,1.6,1646,https://www.wir-machen-druck.de/faltblatt-gefalzt-auf-quadrat-105-cm-x-105-cm-vertikaler-mittelfalz-4seitig.html
Folder midterfalset,4 sider,10.5 x 10.5 cm,"Offset: 80g Qualitätsdruck auf Offsetpapier (beschreibbar, Inkjet- und Laserdruck geeignet)",15000,192.49,1443.675,1.6,2310,https://www.wir-machen-druck.de/faltblatt-gefalzt-auf-quadrat-105-cm-x-105-cm-vertikaler-mittelfalz-4seitig.html
Folder midterfalset,4 sider,10.5 x 10.5 cm,"Offset: 80g Qualitätsdruck auf Offsetpapier (beschreibbar, Inkjet- und Laserdruck geeignet)",20000,244.64,1834.8,1.6,2936,https://www.wir-machen-druck.de/faltblatt-gefalzt-auf-quadrat-105-cm-x-105-cm-vertikaler-mittelfalz-4seitig.html
Folder midterfalset,4 sider,10.5 x 10.5 cm,Recycling: 135g Qualitätsdruck auf hochwertigem Recyclingpapier weiß,50,24.49,183.675,1.6,294,https://www.wir-machen-druck.de/faltblatt-gefalzt-auf-quadrat-105-cm-x-105-cm-vertikaler-mittelfalz-4seitig.html
Folder midterfalset,4 sider,10.5 x 10.5 cm,Recycling: 135g Qualitätsdruck auf hochwertigem Recyclingpapier weiß,100,28.27,212.025,1.6,339,https://www.wir-machen-druck.de/faltblatt-gefalzt-auf-quadrat-105-cm-x-105-cm-vertikaler-mittelfalz-4seitig.html
Folder midterfalset,4 sider,10.5 x 10.5 cm,Recycling: 135g Qualitätsdruck auf hochwertigem Recyclingpapier weiß,250,48.76,365.7,1.6,585,https://www.wir-machen-druck.de/faltblatt-gefalzt-auf-quadrat-105-cm-x-105-cm-vertikaler-mittelfalz-4seitig.html
Folder midterfalset,4 sider,10.5 x 10.5 cm,Recycling: 135g Qualitätsdruck auf hochwertigem Recyclingpapier weiß,500,65.61,492.075,1.6,787,https://www.wir-machen-druck.de/faltblatt-gefalzt-auf-quadrat-105-cm-x-105-cm-vertikaler-mittelfalz-4seitig.html
Folder midterfalset,4 sider,10.5 x 10.5 cm,Recycling: 135g Qualitätsdruck auf hochwertigem Recyclingpapier weiß,750,75.02,562.65,1.6,900,https://www.wir-machen-druck.de/faltblatt-gefalzt-auf-quadrat-105-cm-x-105-cm-vertikaler-mittelfalz-4seitig.html
Folder midterfalset,4 sider,10.5 x 10.5 cm,Recycling: 135g Qualitätsdruck auf hochwertigem Recyclingpapier weiß,1000,75.08,563.1,1.6,901,https://www.wir-machen-druck.de/faltblatt-gefalzt-auf-quadrat-105-cm-x-105-cm-vertikaler-mittelfalz-4seitig.html
Folder midterfalset,4 sider,10.5 x 10.5 cm,Recycling: 135g Qualitätsdruck auf hochwertigem Recyclingpapier weiß,1500,98.85,741.375,1.6,1186,https://www.wir-machen-druck.de/faltblatt-gefalzt-auf-quadrat-105-cm-x-105-cm-vertikaler-mittelfalz-4seitig.html
Folder midterfalset,4 sider,10.5 x 10.5 cm,Recycling: 135g Qualitätsdruck auf hochwertigem Recyclingpapier weiß,2000,102.52,768.9,1.6,1230,https://www.wir-machen-druck.de/faltblatt-gefalzt-auf-quadrat-105-cm-x-105-cm-vertikaler-mittelfalz-4seitig.html
Folder midterfalset,4 sider,10.5 x 10.5 cm,Recycling: 135g Qualitätsdruck auf hochwertigem Recyclingpapier weiß,2500,102.62,769.65,1.6,1231,https://www.wir-machen-druck.de/faltblatt-gefalzt-auf-quadrat-105-cm-x-105-cm-vertikaler-mittelfalz-4seitig.html
Folder midterfalset,4 sider,10.5 x 10.5 cm,Recycling: 135g Qualitätsdruck auf hochwertigem Recyclingpapier weiß,3000,121.23,909.225,1.6,1455,https://www.wir-machen-druck.de/faltblatt-gefalzt-auf-quadrat-105-cm-x-105-cm-vertikaler-mittelfalz-4seitig.html
Folder midterfalset,4 sider,10.5 x 10.5 cm,Recycling: 135g Qualitätsdruck auf hochwertigem Recyclingpapier weiß,4000,127.76,958.2,1.6,1533,https://www.wir-machen-druck.de/faltblatt-gefalzt-auf-quadrat-105-cm-x-105-cm-vertikaler-mittelfalz-4seitig.html
Folder midterfalset,4 sider,10.5 x 10.5 cm,Recycling: 135g Qualitätsdruck auf hochwertigem Recyclingpapier weiß,5000,128.03,960.225,1.6,1536,https://www.wir-machen-druck.de/faltblatt-gefalzt-auf-quadrat-105-cm-x-105-cm-vertikaler-mittelfalz-4seitig.html
Folder midterfalset,4 sider,10.5 x 10.5 cm,Recycling: 135g Qualitätsdruck auf hochwertigem Recyclingpapier weiß,6000,162.03,1215.225,1.6,1944,https://www.wir-machen-druck.de/faltblatt-gefalzt-auf-quadrat-105-cm-x-105-cm-vertikaler-mittelfalz-4seitig.html
Folder midterfalset,4 sider,10.5 x 10.5 cm,Recycling: 135g Qualitätsdruck auf hochwertigem Recyclingpapier weiß,7000,180.97,1357.275,1.6,2172,https://www.wir-machen-druck.de/faltblatt-gefalzt-auf-quadrat-105-cm-x-105-cm-vertikaler-mittelfalz-4seitig.html
Folder midterfalset,4 sider,10.5 x 10.5 cm,Recycling: 135g Qualitätsdruck auf hochwertigem Recyclingpapier weiß,8000,199.16,1493.7,1.6,2390,https://www.wir-machen-druck.de/faltblatt-gefalzt-auf-quadrat-105-cm-x-105-cm-vertikaler-mittelfalz-4seitig.html
Folder midterfalset,4 sider,10.5 x 10.5 cm,Recycling: 135g Qualitätsdruck auf hochwertigem Recyclingpapier weiß,9000,205.32,1539.9,1.6,2464,https://www.wir-machen-druck.de/faltblatt-gefalzt-auf-quadrat-105-cm-x-105-cm-vertikaler-mittelfalz-4seitig.html
Folder midterfalset,4 sider,10.5 x 10.5 cm,Recycling: 135g Qualitätsdruck auf hochwertigem Recyclingpapier weiß,10000,205.54,1541.55,1.6,2466,https://www.wir-machen-druck.de/faltblatt-gefalzt-auf-quadrat-105-cm-x-105-cm-vertikaler-mittelfalz-4seitig.html
Folder midterfalset,4 sider,10.5 x 10.5 cm,Recycling: 135g Qualitätsdruck auf hochwertigem Recyclingpapier weiß,12500,283.74,2128.05,1.5,3192,https://www.wir-machen-druck.de/faltblatt-gefalzt-auf-quadrat-105-cm-x-105-cm-vertikaler-mittelfalz-4seitig.html
Folder midterfalset,4 sider,10.5 x 10.5 cm,Recycling: 135g Qualitätsdruck auf hochwertigem Recyclingpapier weiß,15000,287.74,2158.05,1.5,3237,https://www.wir-machen-druck.de/faltblatt-gefalzt-auf-quadrat-105-cm-x-105-cm-vertikaler-mittelfalz-4seitig.html
Folder midterfalset,4 sider,10.5 x 10.5 cm,Recycling: 135g Qualitätsdruck auf hochwertigem Recyclingpapier weiß,20000,367.69,2757.675,1.5,4137,https://www.wir-machen-druck.de/faltblatt-gefalzt-auf-quadrat-105-cm-x-105-cm-vertikaler-mittelfalz-4seitig.html
Folder midterfalset,4 sider - vandret,10.5 x 10.5 cm,115g hochwertiger Qualitätsdruck glänzend,50,26.55,199.125,1.6,319,https://www.wir-machen-druck.de/faltblatt-gefalzt-auf-quadrat-105-cm-x-105-cm-horizontaler-mittelfalz-4seitig.html
Folder midterfalset,4 sider - vandret,10.5 x 10.5 cm,115g hochwertiger Qualitätsdruck glänzend,100,28.69,215.175,1.6,344,https://www.wir-machen-druck.de/faltblatt-gefalzt-auf-quadrat-105-cm-x-105-cm-horizontaler-mittelfalz-4seitig.html
Folder midterfalset,4 sider - vandret,10.5 x 10.5 cm,115g hochwertiger Qualitätsdruck glänzend,250,31.49,236.175,1.6,378,https://www.wir-machen-druck.de/faltblatt-gefalzt-auf-quadrat-105-cm-x-105-cm-horizontaler-mittelfalz-4seitig.html
Folder midterfalset,4 sider - vandret,10.5 x 10.5 cm,115g hochwertiger Qualitätsdruck glänzend,500,33,247.5,1.6,396,https://www.wir-machen-druck.de/faltblatt-gefalzt-auf-quadrat-105-cm-x-105-cm-horizontaler-mittelfalz-4seitig.html
Folder midterfalset,4 sider - vandret,10.5 x 10.5 cm,115g hochwertiger Qualitätsdruck glänzend,750,35.27,264.525,1.6,423,https://www.wir-machen-druck.de/faltblatt-gefalzt-auf-quadrat-105-cm-x-105-cm-horizontaler-mittelfalz-4seitig.html
Folder midterfalset,4 sider - vandret,10.5 x 10.5 cm,115g hochwertiger Qualitätsdruck glänzend,1000,37.54,281.55,1.6,450,https://www.wir-machen-druck.de/faltblatt-gefalzt-auf-quadrat-105-cm-x-105-cm-horizontaler-mittelfalz-4seitig.html
Folder midterfalset,4 sider - vandret,10.5 x 10.5 cm,115g hochwertiger Qualitätsdruck glänzend,1500,43.43,325.725,1.6,521,https://www.wir-machen-druck.de/faltblatt-gefalzt-auf-quadrat-105-cm-x-105-cm-horizontaler-mittelfalz-4seitig.html
Folder midterfalset,4 sider - vandret,10.5 x 10.5 cm,115g hochwertiger Qualitätsdruck glänzend,2000,46.54,349.05,1.6,558,https://www.wir-machen-druck.de/faltblatt-gefalzt-auf-quadrat-105-cm-x-105-cm-horizontaler-mittelfalz-4seitig.html
Folder midterfalset,4 sider - vandret,10.5 x 10.5 cm,115g hochwertiger Qualitätsdruck glänzend,2500,49.9,374.25,1.6,599,https://www.wir-machen-druck.de/faltblatt-gefalzt-auf-quadrat-105-cm-x-105-cm-horizontaler-mittelfalz-4seitig.html
Folder midterfalset,4 sider - vandret,10.5 x 10.5 cm,115g hochwertiger Qualitätsdruck glänzend,3000,55.11,413.325,1.6,661,https://www.wir-machen-druck.de/faltblatt-gefalzt-auf-quadrat-105-cm-x-105-cm-horizontaler-mittelfalz-4seitig.html
Folder midterfalset,4 sider - vandret,10.5 x 10.5 cm,115g hochwertiger Qualitätsdruck glänzend,4000,65.71,492.825,1.6,789,https://www.wir-machen-druck.de/faltblatt-gefalzt-auf-quadrat-105-cm-x-105-cm-horizontaler-mittelfalz-4seitig.html
Folder midterfalset,4 sider - vandret,10.5 x 10.5 cm,115g hochwertiger Qualitätsdruck glänzend,5000,76.51,573.825,1.6,918,https://www.wir-machen-druck.de/faltblatt-gefalzt-auf-quadrat-105-cm-x-105-cm-horizontaler-mittelfalz-4seitig.html
Folder midterfalset,4 sider - vandret,10.5 x 10.5 cm,115g hochwertiger Qualitätsdruck glänzend,6000,89.22,669.15,1.6,1071,https://www.wir-machen-druck.de/faltblatt-gefalzt-auf-quadrat-105-cm-x-105-cm-horizontaler-mittelfalz-4seitig.html
Folder midterfalset,4 sider - vandret,10.5 x 10.5 cm,115g hochwertiger Qualitätsdruck glänzend,7000,103.36,775.2,1.6,1240,https://www.wir-machen-druck.de/faltblatt-gefalzt-auf-quadrat-105-cm-x-105-cm-horizontaler-mittelfalz-4seitig.html
Folder midterfalset,4 sider - vandret,10.5 x 10.5 cm,115g hochwertiger Qualitätsdruck glänzend,8000,116.32,872.4,1.6,1396,https://www.wir-machen-druck.de/faltblatt-gefalzt-auf-quadrat-105-cm-x-105-cm-horizontaler-mittelfalz-4seitig.html
Folder midterfalset,4 sider - vandret,10.5 x 10.5 cm,115g hochwertiger Qualitätsdruck glänzend,9000,130.19,976.425,1.6,1562,https://www.wir-machen-druck.de/faltblatt-gefalzt-auf-quadrat-105-cm-x-105-cm-horizontaler-mittelfalz-4seitig.html
Folder midterfalset,4 sider - vandret,10.5 x 10.5 cm,115g hochwertiger Qualitätsdruck glänzend,10000,144.04,1080.3,1.6,1728,https://www.wir-machen-druck.de/faltblatt-gefalzt-auf-quadrat-105-cm-x-105-cm-horizontaler-mittelfalz-4seitig.html
Folder midterfalset,4 sider - vandret,10.5 x 10.5 cm,115g hochwertiger Qualitätsdruck glänzend,12500,172.86,1296.45,1.6,2074,https://www.wir-machen-druck.de/faltblatt-gefalzt-auf-quadrat-105-cm-x-105-cm-horizontaler-mittelfalz-4seitig.html
Folder midterfalset,4 sider - vandret,10.5 x 10.5 cm,115g hochwertiger Qualitätsdruck glänzend,15000,200.78,1505.85,1.6,2409,https://www.wir-machen-druck.de/faltblatt-gefalzt-auf-quadrat-105-cm-x-105-cm-horizontaler-mittelfalz-4seitig.html
Folder midterfalset,4 sider - vandret,10.5 x 10.5 cm,115g hochwertiger Qualitätsdruck glänzend,20000,254.34,1907.55,1.6,3052,https://www.wir-machen-druck.de/faltblatt-gefalzt-auf-quadrat-105-cm-x-105-cm-horizontaler-mittelfalz-4seitig.html
Folder midterfalset,4 sider - vandret,10.5 x 10.5 cm,115g hochwertiger Qualitätsdruck matt,50,26.55,199.125,1.6,319,https://www.wir-machen-druck.de/faltblatt-gefalzt-auf-quadrat-105-cm-x-105-cm-horizontaler-mittelfalz-4seitig.html
Folder midterfalset,4 sider - vandret,10.5 x 10.5 cm,115g hochwertiger Qualitätsdruck matt,100,28.76,215.7,1.6,345,https://www.wir-machen-druck.de/faltblatt-gefalzt-auf-quadrat-105-cm-x-105-cm-horizontaler-mittelfalz-4seitig.html
Folder midterfalset,4 sider - vandret,10.5 x 10.5 cm,115g hochwertiger Qualitätsdruck matt,250,31.63,237.225,1.6,380,https://www.wir-machen-druck.de/faltblatt-gefalzt-auf-quadrat-105-cm-x-105-cm-horizontaler-mittelfalz-4seitig.html
Folder midterfalset,4 sider - vandret,10.5 x 10.5 cm,115g hochwertiger Qualitätsdruck matt,500,32.99,247.425,1.6,396,https://www.wir-machen-druck.de/faltblatt-gefalzt-auf-quadrat-105-cm-x-105-cm-horizontaler-mittelfalz-4seitig.html
Folder midterfalset,4 sider - vandret,10.5 x 10.5 cm,115g hochwertiger Qualitätsdruck matt,750,35.18,263.85,1.6,422,https://www.wir-machen-druck.de/faltblatt-gefalzt-auf-quadrat-105-cm-x-105-cm-horizontaler-mittelfalz-4seitig.html
Folder midterfalset,4 sider - vandret,10.5 x 10.5 cm,115g hochwertiger Qualitätsdruck matt,1000,37.36,280.2,1.6,448,https://www.wir-machen-druck.de/faltblatt-gefalzt-auf-quadrat-105-cm-x-105-cm-horizontaler-mittelfalz-4seitig.html
Folder midterfalset,4 sider - vandret,10.5 x 10.5 cm,115g hochwertiger Qualitätsdruck matt,1500,42.77,320.775,1.6,513,https://www.wir-machen-druck.de/faltblatt-gefalzt-auf-quadrat-105-cm-x-105-cm-horizontaler-mittelfalz-4seitig.html
Folder midterfalset,4 sider - vandret,10.5 x 10.5 cm,115g hochwertiger Qualitätsdruck matt,2000,46.99,352.425,1.6,564,https://www.wir-machen-druck.de/faltblatt-gefalzt-auf-quadrat-105-cm-x-105-cm-horizontaler-mittelfalz-4seitig.html
Folder midterfalset,4 sider - vandret,10.5 x 10.5 cm,115g hochwertiger Qualitätsdruck matt,2500,50.19,376.425,1.6,602,https://www.wir-machen-druck.de/faltblatt-gefalzt-auf-quadrat-105-cm-x-105-cm-horizontaler-mittelfalz-4seitig.html
Folder midterfalset,4 sider - vandret,10.5 x 10.5 cm,115g hochwertiger Qualitätsdruck matt,3000,55.16,413.7,1.6,662,https://www.wir-machen-druck.de/faltblatt-gefalzt-auf-quadrat-105-cm-x-105-cm-horizontaler-mittelfalz-4seitig.html
Folder midterfalset,4 sider - vandret,10.5 x 10.5 cm,115g hochwertiger Qualitätsdruck matt,4000,65.45,490.875,1.6,785,https://www.wir-machen-druck.de/faltblatt-gefalzt-auf-quadrat-105-cm-x-105-cm-horizontaler-mittelfalz-4seitig.html
Folder midterfalset,4 sider - vandret,10.5 x 10.5 cm,115g hochwertiger Qualitätsdruck matt,5000,76.22,571.65,1.6,915,https://www.wir-machen-druck.de/faltblatt-gefalzt-auf-quadrat-105-cm-x-105-cm-horizontaler-mittelfalz-4seitig.html
Folder midterfalset,4 sider - vandret,10.5 x 10.5 cm,115g hochwertiger Qualitätsdruck matt,6000,90.05,675.375,1.6,1081,https://www.wir-machen-druck.de/faltblatt-gefalzt-auf-quadrat-105-cm-x-105-cm-horizontaler-mittelfalz-4seitig.html
Folder midterfalset,4 sider - vandret,10.5 x 10.5 cm,115g hochwertiger Qualitätsdruck matt,7000,103.34,775.05,1.6,1240,https://www.wir-machen-druck.de/faltblatt-gefalzt-auf-quadrat-105-cm-x-105-cm-horizontaler-mittelfalz-4seitig.html
Folder midterfalset,4 sider - vandret,10.5 x 10.5 cm,115g hochwertiger Qualitätsdruck matt,8000,116.72,875.4,1.6,1401,https://www.wir-machen-druck.de/faltblatt-gefalzt-auf-quadrat-105-cm-x-105-cm-horizontaler-mittelfalz-4seitig.html
Folder midterfalset,4 sider - vandret,10.5 x 10.5 cm,115g hochwertiger Qualitätsdruck matt,9000,130.25,976.875,1.6,1563,https://www.wir-machen-druck.de/faltblatt-gefalzt-auf-quadrat-105-cm-x-105-cm-horizontaler-mittelfalz-4seitig.html
Folder midterfalset,4 sider - vandret,10.5 x 10.5 cm,115g hochwertiger Qualitätsdruck matt,10000,144.14,1081.05,1.6,1730,https://www.wir-machen-druck.de/faltblatt-gefalzt-auf-quadrat-105-cm-x-105-cm-horizontaler-mittelfalz-4seitig.html
Folder midterfalset,4 sider - vandret,10.5 x 10.5 cm,115g hochwertiger Qualitätsdruck matt,12500,173.19,1298.925,1.6,2078,https://www.wir-machen-druck.de/faltblatt-gefalzt-auf-quadrat-105-cm-x-105-cm-horizontaler-mittelfalz-4seitig.html
Folder midterfalset,4 sider - vandret,10.5 x 10.5 cm,115g hochwertiger Qualitätsdruck matt,15000,200.78,1505.85,1.6,2409,https://www.wir-machen-druck.de/faltblatt-gefalzt-auf-quadrat-105-cm-x-105-cm-horizontaler-mittelfalz-4seitig.html
Folder midterfalset,4 sider - vandret,10.5 x 10.5 cm,115g hochwertiger Qualitätsdruck matt,20000,254.7,1910.25,1.6,3056,https://www.wir-machen-druck.de/faltblatt-gefalzt-auf-quadrat-105-cm-x-105-cm-horizontaler-mittelfalz-4seitig.html
Folder midterfalset,4 sider - vandret,10.5 x 10.5 cm,135g hochwertiger Qualitätsdruck glänzend,50,26.55,199.125,1.6,319,https://www.wir-machen-druck.de/faltblatt-gefalzt-auf-quadrat-105-cm-x-105-cm-horizontaler-mittelfalz-4seitig.html
Folder midterfalset,4 sider - vandret,10.5 x 10.5 cm,135g hochwertiger Qualitätsdruck glänzend,100,30.37,227.775,1.6,364,https://www.wir-machen-druck.de/faltblatt-gefalzt-auf-quadrat-105-cm-x-105-cm-horizontaler-mittelfalz-4seitig.html
Folder midterfalset,4 sider - vandret,10.5 x 10.5 cm,135g hochwertiger Qualitätsdruck glänzend,250,32.42,243.15,1.6,389,https://www.wir-machen-druck.de/faltblatt-gefalzt-auf-quadrat-105-cm-x-105-cm-horizontaler-mittelfalz-4seitig.html
Folder midterfalset,4 sider - vandret,10.5 x 10.5 cm,135g hochwertiger Qualitätsdruck glänzend,500,33.78,253.35,1.6,405,https://www.wir-machen-druck.de/faltblatt-gefalzt-auf-quadrat-105-cm-x-105-cm-horizontaler-mittelfalz-4seitig.html
Folder midterfalset,4 sider - vandret,10.5 x 10.5 cm,135g hochwertiger Qualitätsdruck glänzend,750,34.24,256.8,1.6,411,https://www.wir-machen-druck.de/faltblatt-gefalzt-auf-quadrat-105-cm-x-105-cm-horizontaler-mittelfalz-4seitig.html
Folder midterfalset,4 sider - vandret,10.5 x 10.5 cm,135g hochwertiger Qualitätsdruck glänzend,1000,34.7,260.25,1.6,416,https://www.wir-machen-druck.de/faltblatt-gefalzt-auf-quadrat-105-cm-x-105-cm-horizontaler-mittelfalz-4seitig.html
Folder midterfalset,4 sider - vandret,10.5 x 10.5 cm,135g hochwertiger Qualitätsdruck glänzend,1500,48.61,364.575,1.6,583,https://www.wir-machen-druck.de/faltblatt-gefalzt-auf-quadrat-105-cm-x-105-cm-horizontaler-mittelfalz-4seitig.html
Folder midterfalset,4 sider - vandret,10.5 x 10.5 cm,135g hochwertiger Qualitätsdruck glänzend,2000,53.52,401.4,1.6,642,https://www.wir-machen-druck.de/faltblatt-gefalzt-auf-quadrat-105-cm-x-105-cm-horizontaler-mittelfalz-4seitig.html
Folder midterfalset,4 sider - vandret,10.5 x 10.5 cm,135g hochwertiger Qualitätsdruck glänzend,2500,55.63,417.225,1.6,668,https://www.wir-machen-druck.de/faltblatt-gefalzt-auf-quadrat-105-cm-x-105-cm-horizontaler-mittelfalz-4seitig.html
Folder midterfalset,4 sider - vandret,10.5 x 10.5 cm,135g hochwertiger Qualitätsdruck glänzend,3000,62.26,466.95,1.6,747,https://www.wir-machen-druck.de/faltblatt-gefalzt-auf-quadrat-105-cm-x-105-cm-horizontaler-mittelfalz-4seitig.html
Folder midterfalset,4 sider - vandret,10.5 x 10.5 cm,135g hochwertiger Qualitätsdruck glänzend,4000,73.93,554.475,1.6,887,https://www.wir-machen-druck.de/faltblatt-gefalzt-auf-quadrat-105-cm-x-105-cm-horizontaler-mittelfalz-4seitig.html
Folder midterfalset,4 sider - vandret,10.5 x 10.5 cm,135g hochwertiger Qualitätsdruck glänzend,5000,86.31,647.325,1.6,1036,https://www.wir-machen-druck.de/faltblatt-gefalzt-auf-quadrat-105-cm-x-105-cm-horizontaler-mittelfalz-4seitig.html
Folder midterfalset,4 sider - vandret,10.5 x 10.5 cm,135g hochwertiger Qualitätsdruck glänzend,6000,101.1,758.25,1.6,1213,https://www.wir-machen-druck.de/faltblatt-gefalzt-auf-quadrat-105-cm-x-105-cm-horizontaler-mittelfalz-4seitig.html
Folder midterfalset,4 sider - vandret,10.5 x 10.5 cm,135g hochwertiger Qualitätsdruck glänzend,7000,116.5,873.75,1.6,1398,https://www.wir-machen-druck.de/faltblatt-gefalzt-auf-quadrat-105-cm-x-105-cm-horizontaler-mittelfalz-4seitig.html
Folder midterfalset,4 sider - vandret,10.5 x 10.5 cm,135g hochwertiger Qualitätsdruck glänzend,8000,132.52,993.9,1.6,1590,https://www.wir-machen-druck.de/faltblatt-gefalzt-auf-quadrat-105-cm-x-105-cm-horizontaler-mittelfalz-4seitig.html
Folder midterfalset,4 sider - vandret,10.5 x 10.5 cm,135g hochwertiger Qualitätsdruck glänzend,9000,147.81,1108.575,1.6,1774,https://www.wir-machen-druck.de/faltblatt-gefalzt-auf-quadrat-105-cm-x-105-cm-horizontaler-mittelfalz-4seitig.html
Folder midterfalset,4 sider - vandret,10.5 x 10.5 cm,135g hochwertiger Qualitätsdruck glänzend,10000,162.81,1221.075,1.6,1954,https://www.wir-machen-druck.de/faltblatt-gefalzt-auf-quadrat-105-cm-x-105-cm-horizontaler-mittelfalz-4seitig.html
Folder midterfalset,4 sider - vandret,10.5 x 10.5 cm,135g hochwertiger Qualitätsdruck glänzend,12500,196.98,1477.35,1.6,2364,https://www.wir-machen-druck.de/faltblatt-gefalzt-auf-quadrat-105-cm-x-105-cm-horizontaler-mittelfalz-4seitig.html
Folder midterfalset,4 sider - vandret,10.5 x 10.5 cm,135g hochwertiger Qualitätsdruck glänzend,15000,227.92,1709.4,1.6,2735,https://www.wir-machen-druck.de/faltblatt-gefalzt-auf-quadrat-105-cm-x-105-cm-horizontaler-mittelfalz-4seitig.html
Folder midterfalset,4 sider - vandret,10.5 x 10.5 cm,135g hochwertiger Qualitätsdruck glänzend,20000,291.25,2184.375,1.5,3277,https://www.wir-machen-druck.de/faltblatt-gefalzt-auf-quadrat-105-cm-x-105-cm-horizontaler-mittelfalz-4seitig.html
Folder midterfalset,4 sider - vandret,10.5 x 10.5 cm,135g hochwertiger Qualitätsdruck matt,50,26.55,199.125,1.6,319,https://www.wir-machen-druck.de/faltblatt-gefalzt-auf-quadrat-105-cm-x-105-cm-horizontaler-mittelfalz-4seitig.html
Folder midterfalset,4 sider - vandret,10.5 x 10.5 cm,135g hochwertiger Qualitätsdruck matt,100,30.37,227.775,1.6,364,https://www.wir-machen-druck.de/faltblatt-gefalzt-auf-quadrat-105-cm-x-105-cm-horizontaler-mittelfalz-4seitig.html
Folder midterfalset,4 sider - vandret,10.5 x 10.5 cm,135g hochwertiger Qualitätsdruck matt,250,32.76,245.7,1.6,393,https://www.wir-machen-druck.de/faltblatt-gefalzt-auf-quadrat-105-cm-x-105-cm-horizontaler-mittelfalz-4seitig.html
Folder midterfalset,4 sider - vandret,10.5 x 10.5 cm,135g hochwertiger Qualitätsdruck matt,500,33.79,253.425,1.6,405,https://www.wir-machen-druck.de/faltblatt-gefalzt-auf-quadrat-105-cm-x-105-cm-horizontaler-mittelfalz-4seitig.html
Folder midterfalset,4 sider - vandret,10.5 x 10.5 cm,135g hochwertiger Qualitätsdruck matt,750,34.04,255.3,1.6,408,https://www.wir-machen-druck.de/faltblatt-gefalzt-auf-quadrat-105-cm-x-105-cm-horizontaler-mittelfalz-4seitig.html
Folder midterfalset,4 sider - vandret,10.5 x 10.5 cm,135g hochwertiger Qualitätsdruck matt,1000,34.29,257.175,1.6,411,https://www.wir-machen-druck.de/faltblatt-gefalzt-auf-quadrat-105-cm-x-105-cm-horizontaler-mittelfalz-4seitig.html
Folder midterfalset,4 sider - vandret,10.5 x 10.5 cm,135g hochwertiger Qualitätsdruck matt,1500,48.37,362.775,1.6,580,https://www.wir-machen-druck.de/faltblatt-gefalzt-auf-quadrat-105-cm-x-105-cm-horizontaler-mittelfalz-4seitig.html
Folder midterfalset,4 sider - vandret,10.5 x 10.5 cm,135g hochwertiger Qualitätsdruck matt,2000,53.02,397.65,1.6,636,https://www.wir-machen-druck.de/faltblatt-gefalzt-auf-quadrat-105-cm-x-105-cm-horizontaler-mittelfalz-4seitig.html
Folder midterfalset,4 sider - vandret,10.5 x 10.5 cm,135g hochwertiger Qualitätsdruck matt,2500,55.8,418.5,1.6,670,https://www.wir-machen-druck.de/faltblatt-gefalzt-auf-quadrat-105-cm-x-105-cm-horizontaler-mittelfalz-4seitig.html
Folder midterfalset,4 sider - vandret,10.5 x 10.5 cm,135g hochwertiger Qualitätsdruck matt,3000,61.63,462.225,1.6,740,https://www.wir-machen-druck.de/faltblatt-gefalzt-auf-quadrat-105-cm-x-105-cm-horizontaler-mittelfalz-4seitig.html
Folder midterfalset,4 sider - vandret,10.5 x 10.5 cm,135g hochwertiger Qualitätsdruck matt,4000,73.53,551.475,1.6,882,https://www.wir-machen-druck.de/faltblatt-gefalzt-auf-quadrat-105-cm-x-105-cm-horizontaler-mittelfalz-4seitig.html
Folder midterfalset,4 sider - vandret,10.5 x 10.5 cm,135g hochwertiger Qualitätsdruck matt,5000,85.47,641.025,1.6,1026,https://www.wir-machen-druck.de/faltblatt-gefalzt-auf-quadrat-105-cm-x-105-cm-horizontaler-mittelfalz-4seitig.html
Folder midterfalset,4 sider - vandret,10.5 x 10.5 cm,135g hochwertiger Qualitätsdruck matt,6000,100.92,756.9,1.6,1211,https://www.wir-machen-druck.de/faltblatt-gefalzt-auf-quadrat-105-cm-x-105-cm-horizontaler-mittelfalz-4seitig.html
Folder midterfalset,4 sider - vandret,10.5 x 10.5 cm,135g hochwertiger Qualitätsdruck matt,7000,117.09,878.175,1.6,1405,https://www.wir-machen-druck.de/faltblatt-gefalzt-auf-quadrat-105-cm-x-105-cm-horizontaler-mittelfalz-4seitig.html
Folder midterfalset,4 sider - vandret,10.5 x 10.5 cm,135g hochwertiger Qualitätsdruck matt,8000,133.01,997.575,1.6,1596,https://www.wir-machen-druck.de/faltblatt-gefalzt-auf-quadrat-105-cm-x-105-cm-horizontaler-mittelfalz-4seitig.html
Folder midterfalset,4 sider - vandret,10.5 x 10.5 cm,135g hochwertiger Qualitätsdruck matt,9000,148.51,1113.825,1.6,1782,https://www.wir-machen-druck.de/faltblatt-gefalzt-auf-quadrat-105-cm-x-105-cm-horizontaler-mittelfalz-4seitig.html
Folder midterfalset,4 sider - vandret,10.5 x 10.5 cm,135g hochwertiger Qualitätsdruck matt,10000,162.81,1221.075,1.6,1954,https://www.wir-machen-druck.de/faltblatt-gefalzt-auf-quadrat-105-cm-x-105-cm-horizontaler-mittelfalz-4seitig.html
Folder midterfalset,4 sider - vandret,10.5 x 10.5 cm,135g hochwertiger Qualitätsdruck matt,12500,197.01,1477.575,1.6,2364,https://www.wir-machen-druck.de/faltblatt-gefalzt-auf-quadrat-105-cm-x-105-cm-horizontaler-mittelfalz-4seitig.html
Folder midterfalset,4 sider - vandret,10.5 x 10.5 cm,135g hochwertiger Qualitätsdruck matt,15000,227.92,1709.4,1.6,2735,https://www.wir-machen-druck.de/faltblatt-gefalzt-auf-quadrat-105-cm-x-105-cm-horizontaler-mittelfalz-4seitig.html
Folder midterfalset,4 sider - vandret,10.5 x 10.5 cm,135g hochwertiger Qualitätsdruck matt,20000,291.25,2184.375,1.5,3277,https://www.wir-machen-druck.de/faltblatt-gefalzt-auf-quadrat-105-cm-x-105-cm-horizontaler-mittelfalz-4seitig.html
Folder midterfalset,4 sider - vandret,10.5 x 10.5 cm,170g hochwertiger Qualitätsdruck glänzend,50,28.54,214.05,1.6,342,https://www.wir-machen-druck.de/faltblatt-gefalzt-auf-quadrat-105-cm-x-105-cm-horizontaler-mittelfalz-4seitig.html
Folder midterfalset,4 sider - vandret,10.5 x 10.5 cm,170g hochwertiger Qualitätsdruck glänzend,100,32.87,246.525,1.6,394,https://www.wir-machen-druck.de/faltblatt-gefalzt-auf-quadrat-105-cm-x-105-cm-horizontaler-mittelfalz-4seitig.html
Folder midterfalset,4 sider - vandret,10.5 x 10.5 cm,170g hochwertiger Qualitätsdruck glänzend,250,34.82,261.15,1.6,418,https://www.wir-machen-druck.de/faltblatt-gefalzt-auf-quadrat-105-cm-x-105-cm-horizontaler-mittelfalz-4seitig.html
Folder midterfalset,4 sider - vandret,10.5 x 10.5 cm,170g hochwertiger Qualitätsdruck glänzend,500,36.71,275.325,1.6,441,https://www.wir-machen-druck.de/faltblatt-gefalzt-auf-quadrat-105-cm-x-105-cm-horizontaler-mittelfalz-4seitig.html
Folder midterfalset,4 sider - vandret,10.5 x 10.5 cm,170g hochwertiger Qualitätsdruck glänzend,750,37.24,279.3,1.6,447,https://www.wir-machen-druck.de/faltblatt-gefalzt-auf-quadrat-105-cm-x-105-cm-horizontaler-mittelfalz-4seitig.html
Folder midterfalset,4 sider - vandret,10.5 x 10.5 cm,170g hochwertiger Qualitätsdruck glänzend,1000,37.76,283.2,1.6,453,https://www.wir-machen-druck.de/faltblatt-gefalzt-auf-quadrat-105-cm-x-105-cm-horizontaler-mittelfalz-4seitig.html
Folder midterfalset,4 sider - vandret,10.5 x 10.5 cm,170g hochwertiger Qualitätsdruck glänzend,1500,53.69,402.675,1.6,644,https://www.wir-machen-druck.de/faltblatt-gefalzt-auf-quadrat-105-cm-x-105-cm-horizontaler-mittelfalz-4seitig.html
Folder midterfalset,4 sider - vandret,10.5 x 10.5 cm,170g hochwertiger Qualitätsdruck glänzend,2000,59.51,446.325,1.6,714,https://www.wir-machen-druck.de/faltblatt-gefalzt-auf-quadrat-105-cm-x-105-cm-horizontaler-mittelfalz-4seitig.html
Folder midterfalset,4 sider - vandret,10.5 x 10.5 cm,170g hochwertiger Qualitätsdruck glänzend,2500,62.39,467.925,1.6,749,https://www.wir-machen-druck.de/faltblatt-gefalzt-auf-quadrat-105-cm-x-105-cm-horizontaler-mittelfalz-4seitig.html
Folder midterfalset,4 sider - vandret,10.5 x 10.5 cm,170g hochwertiger Qualitätsdruck glänzend,3000,71.28,534.6,1.6,855,https://www.wir-machen-druck.de/faltblatt-gefalzt-auf-quadrat-105-cm-x-105-cm-horizontaler-mittelfalz-4seitig.html
Folder midterfalset,4 sider - vandret,10.5 x 10.5 cm,170g hochwertiger Qualitätsdruck glänzend,4000,87.58,656.85,1.6,1051,https://www.wir-machen-druck.de/faltblatt-gefalzt-auf-quadrat-105-cm-x-105-cm-horizontaler-mittelfalz-4seitig.html
Folder midterfalset,4 sider - vandret,10.5 x 10.5 cm,170g hochwertiger Qualitätsdruck glänzend,5000,103.18,773.85,1.6,1238,https://www.wir-machen-druck.de/faltblatt-gefalzt-auf-quadrat-105-cm-x-105-cm-horizontaler-mittelfalz-4seitig.html
Folder midterfalset,4 sider - vandret,10.5 x 10.5 cm,170g hochwertiger Qualitätsdruck glänzend,6000,121.46,910.95,1.6,1458,https://www.wir-machen-druck.de/faltblatt-gefalzt-auf-quadrat-105-cm-x-105-cm-horizontaler-mittelfalz-4seitig.html
Folder midterfalset,4 sider - vandret,10.5 x 10.5 cm,170g hochwertiger Qualitätsdruck glänzend,7000,140.5,1053.75,1.6,1686,https://www.wir-machen-druck.de/faltblatt-gefalzt-auf-quadrat-105-cm-x-105-cm-horizontaler-mittelfalz-4seitig.html
Folder midterfalset,4 sider - vandret,10.5 x 10.5 cm,170g hochwertiger Qualitätsdruck glänzend,8000,158.29,1187.175,1.6,1899,https://www.wir-machen-druck.de/faltblatt-gefalzt-auf-quadrat-105-cm-x-105-cm-horizontaler-mittelfalz-4seitig.html
Folder midterfalset,4 sider - vandret,10.5 x 10.5 cm,170g hochwertiger Qualitätsdruck glänzend,9000,177.67,1332.525,1.6,2132,https://www.wir-machen-druck.de/faltblatt-gefalzt-auf-quadrat-105-cm-x-105-cm-horizontaler-mittelfalz-4seitig.html
Folder midterfalset,4 sider - vandret,10.5 x 10.5 cm,170g hochwertiger Qualitätsdruck glänzend,10000,195.65,1467.375,1.6,2348,https://www.wir-machen-druck.de/faltblatt-gefalzt-auf-quadrat-105-cm-x-105-cm-horizontaler-mittelfalz-4seitig.html
Folder midterfalset,4 sider - vandret,10.5 x 10.5 cm,170g hochwertiger Qualitätsdruck glänzend,12500,235.54,1766.55,1.6,2826,https://www.wir-machen-druck.de/faltblatt-gefalzt-auf-quadrat-105-cm-x-105-cm-horizontaler-mittelfalz-4seitig.html
Folder midterfalset,4 sider - vandret,10.5 x 10.5 cm,170g hochwertiger Qualitätsdruck glänzend,15000,275.98,2069.85,1.5,3105,https://www.wir-machen-druck.de/faltblatt-gefalzt-auf-quadrat-105-cm-x-105-cm-horizontaler-mittelfalz-4seitig.html
Folder midterfalset,4 sider - vandret,10.5 x 10.5 cm,170g hochwertiger Qualitätsdruck glänzend,20000,360.35,2702.625,1.5,4054,https://www.wir-machen-druck.de/faltblatt-gefalzt-auf-quadrat-105-cm-x-105-cm-horizontaler-mittelfalz-4seitig.html
Folder midterfalset,4 sider - vandret,10.5 x 10.5 cm,170g hochwertiger Qualitätsdruck matt,50,28.54,214.05,1.6,342,https://www.wir-machen-druck.de/faltblatt-gefalzt-auf-quadrat-105-cm-x-105-cm-horizontaler-mittelfalz-4seitig.html
Folder midterfalset,4 sider - vandret,10.5 x 10.5 cm,170g hochwertiger Qualitätsdruck matt,100,32.87,246.525,1.6,394,https://www.wir-machen-druck.de/faltblatt-gefalzt-auf-quadrat-105-cm-x-105-cm-horizontaler-mittelfalz-4seitig.html
Folder midterfalset,4 sider - vandret,10.5 x 10.5 cm,170g hochwertiger Qualitätsdruck matt,250,34.75,260.625,1.6,417,https://www.wir-machen-druck.de/faltblatt-gefalzt-auf-quadrat-105-cm-x-105-cm-horizontaler-mittelfalz-4seitig.html
Folder midterfalset,4 sider - vandret,10.5 x 10.5 cm,170g hochwertiger Qualitätsdruck matt,500,36.69,275.175,1.6,440,https://www.wir-machen-druck.de/faltblatt-gefalzt-auf-quadrat-105-cm-x-105-cm-horizontaler-mittelfalz-4seitig.html
Folder midterfalset,4 sider - vandret,10.5 x 10.5 cm,170g hochwertiger Qualitätsdruck matt,750,36.92,276.9,1.6,443,https://www.wir-machen-druck.de/faltblatt-gefalzt-auf-quadrat-105-cm-x-105-cm-horizontaler-mittelfalz-4seitig.html
Folder midterfalset,4 sider - vandret,10.5 x 10.5 cm,170g hochwertiger Qualitätsdruck matt,1000,37.15,278.625,1.6,446,https://www.wir-machen-druck.de/faltblatt-gefalzt-auf-quadrat-105-cm-x-105-cm-horizontaler-mittelfalz-4seitig.html
Folder midterfalset,4 sider - vandret,10.5 x 10.5 cm,170g hochwertiger Qualitätsdruck matt,1500,53.13,398.475,1.6,638,https://www.wir-machen-druck.de/faltblatt-gefalzt-auf-quadrat-105-cm-x-105-cm-horizontaler-mittelfalz-4seitig.html
Folder midterfalset,4 sider - vandret,10.5 x 10.5 cm,170g hochwertiger Qualitätsdruck matt,2000,59.92,449.4,1.6,719,https://www.wir-machen-druck.de/faltblatt-gefalzt-auf-quadrat-105-cm-x-105-cm-horizontaler-mittelfalz-4seitig.html
Folder midterfalset,4 sider - vandret,10.5 x 10.5 cm,170g hochwertiger Qualitätsdruck matt,2500,63.16,473.7,1.6,758,https://www.wir-machen-druck.de/faltblatt-gefalzt-auf-quadrat-105-cm-x-105-cm-horizontaler-mittelfalz-4seitig.html
Folder midterfalset,4 sider - vandret,10.5 x 10.5 cm,170g hochwertiger Qualitätsdruck matt,3000,70.84,531.3,1.6,850,https://www.wir-machen-druck.de/faltblatt-gefalzt-auf-quadrat-105-cm-x-105-cm-horizontaler-mittelfalz-4seitig.html
Folder midterfalset,4 sider - vandret,10.5 x 10.5 cm,170g hochwertiger Qualitätsdruck matt,4000,87.57,656.775,1.6,1051,https://www.wir-machen-druck.de/faltblatt-gefalzt-auf-quadrat-105-cm-x-105-cm-horizontaler-mittelfalz-4seitig.html
Folder midterfalset,4 sider - vandret,10.5 x 10.5 cm,170g hochwertiger Qualitätsdruck matt,5000,102.86,771.45,1.6,1234,https://www.wir-machen-druck.de/faltblatt-gefalzt-auf-quadrat-105-cm-x-105-cm-horizontaler-mittelfalz-4seitig.html
Folder midterfalset,4 sider - vandret,10.5 x 10.5 cm,170g hochwertiger Qualitätsdruck matt,6000,121.88,914.1,1.6,1463,https://www.wir-machen-druck.de/faltblatt-gefalzt-auf-quadrat-105-cm-x-105-cm-horizontaler-mittelfalz-4seitig.html
Folder midterfalset,4 sider - vandret,10.5 x 10.5 cm,170g hochwertiger Qualitätsdruck matt,7000,140.55,1054.125,1.6,1687,https://www.wir-machen-druck.de/faltblatt-gefalzt-auf-quadrat-105-cm-x-105-cm-horizontaler-mittelfalz-4seitig.html
Folder midterfalset,4 sider - vandret,10.5 x 10.5 cm,170g hochwertiger Qualitätsdruck matt,8000,158.28,1187.1,1.6,1899,https://www.wir-machen-druck.de/faltblatt-gefalzt-auf-quadrat-105-cm-x-105-cm-horizontaler-mittelfalz-4seitig.html
Folder midterfalset,4 sider - vandret,10.5 x 10.5 cm,170g hochwertiger Qualitätsdruck matt,9000,177.48,1331.1,1.6,2130,https://www.wir-machen-druck.de/faltblatt-gefalzt-auf-quadrat-105-cm-x-105-cm-horizontaler-mittelfalz-4seitig.html
Folder midterfalset,4 sider - vandret,10.5 x 10.5 cm,170g hochwertiger Qualitätsdruck matt,10000,195.72,1467.9,1.6,2349,https://www.wir-machen-druck.de/faltblatt-gefalzt-auf-quadrat-105-cm-x-105-cm-horizontaler-mittelfalz-4seitig.html
Folder midterfalset,4 sider - vandret,10.5 x 10.5 cm,170g hochwertiger Qualitätsdruck matt,12500,236.46,1773.45,1.6,2838,https://www.wir-machen-druck.de/faltblatt-gefalzt-auf-quadrat-105-cm-x-105-cm-horizontaler-mittelfalz-4seitig.html
Folder midterfalset,4 sider - vandret,10.5 x 10.5 cm,170g hochwertiger Qualitätsdruck matt,15000,276.37,2072.775,1.5,3109,https://www.wir-machen-druck.de/faltblatt-gefalzt-auf-quadrat-105-cm-x-105-cm-horizontaler-mittelfalz-4seitig.html
Folder midterfalset,4 sider - vandret,10.5 x 10.5 cm,170g hochwertiger Qualitätsdruck matt,20000,360.52,2703.9,1.5,4056,https://www.wir-machen-druck.de/faltblatt-gefalzt-auf-quadrat-105-cm-x-105-cm-horizontaler-mittelfalz-4seitig.html
Folder midterfalset,4 sider - vandret,10.5 x 10.5 cm,250g hochwertiger Qualitätsdruck glänzend,50,8.97,67.275,1.6,108,https://www.wir-machen-druck.de/faltblatt-gefalzt-auf-quadrat-105-cm-x-105-cm-horizontaler-mittelfalz-4seitig.html
Folder midterfalset,4 sider - vandret,10.5 x 10.5 cm,250g hochwertiger Qualitätsdruck glänzend,100,15.13,113.475,1.6,182,https://www.wir-machen-druck.de/faltblatt-gefalzt-auf-quadrat-105-cm-x-105-cm-horizontaler-mittelfalz-4seitig.html
Folder midterfalset,4 sider - vandret,10.5 x 10.5 cm,250g hochwertiger Qualitätsdruck glänzend,250,38.11,285.825,1.6,457,https://www.wir-machen-druck.de/faltblatt-gefalzt-auf-quadrat-105-cm-x-105-cm-horizontaler-mittelfalz-4seitig.html
Folder midterfalset,4 sider - vandret,10.5 x 10.5 cm,250g hochwertiger Qualitätsdruck glänzend,500,38.8,291,1.6,466,https://www.wir-machen-druck.de/faltblatt-gefalzt-auf-quadrat-105-cm-x-105-cm-horizontaler-mittelfalz-4seitig.html
Folder midterfalset,4 sider - vandret,10.5 x 10.5 cm,250g hochwertiger Qualitätsdruck glänzend,750,39.62,297.15,1.6,475,https://www.wir-machen-druck.de/faltblatt-gefalzt-auf-quadrat-105-cm-x-105-cm-horizontaler-mittelfalz-4seitig.html
Folder midterfalset,4 sider - vandret,10.5 x 10.5 cm,250g hochwertiger Qualitätsdruck glänzend,1000,40.44,303.3,1.6,485,https://www.wir-machen-druck.de/faltblatt-gefalzt-auf-quadrat-105-cm-x-105-cm-horizontaler-mittelfalz-4seitig.html
Folder midterfalset,4 sider - vandret,10.5 x 10.5 cm,250g hochwertiger Qualitätsdruck glänzend,1500,60.61,454.575,1.6,727,https://www.wir-machen-druck.de/faltblatt-gefalzt-auf-quadrat-105-cm-x-105-cm-horizontaler-mittelfalz-4seitig.html
Folder midterfalset,4 sider - vandret,10.5 x 10.5 cm,250g hochwertiger Qualitätsdruck glänzend,2000,69.12,518.4,1.6,829,https://www.wir-machen-druck.de/faltblatt-gefalzt-auf-quadrat-105-cm-x-105-cm-horizontaler-mittelfalz-4seitig.html
Folder midterfalset,4 sider - vandret,10.5 x 10.5 cm,250g hochwertiger Qualitätsdruck glänzend,2500,71.94,539.55,1.6,863,https://www.wir-machen-druck.de/faltblatt-gefalzt-auf-quadrat-105-cm-x-105-cm-horizontaler-mittelfalz-4seitig.html
Folder midterfalset,4 sider - vandret,10.5 x 10.5 cm,250g hochwertiger Qualitätsdruck glänzend,3000,82.73,620.475,1.6,993,https://www.wir-machen-druck.de/faltblatt-gefalzt-auf-quadrat-105-cm-x-105-cm-horizontaler-mittelfalz-4seitig.html
Folder midterfalset,4 sider - vandret,10.5 x 10.5 cm,250g hochwertiger Qualitätsdruck glänzend,4000,104.9,786.75,1.6,1259,https://www.wir-machen-druck.de/faltblatt-gefalzt-auf-quadrat-105-cm-x-105-cm-horizontaler-mittelfalz-4seitig.html
Folder midterfalset,4 sider - vandret,10.5 x 10.5 cm,250g hochwertiger Qualitätsdruck glänzend,5000,126.86,951.45,1.6,1522,https://www.wir-machen-druck.de/faltblatt-gefalzt-auf-quadrat-105-cm-x-105-cm-horizontaler-mittelfalz-4seitig.html
Folder midterfalset,4 sider - vandret,10.5 x 10.5 cm,250g hochwertiger Qualitätsdruck glänzend,6000,150.35,1127.625,1.6,1804,https://www.wir-machen-druck.de/faltblatt-gefalzt-auf-quadrat-105-cm-x-105-cm-horizontaler-mittelfalz-4seitig.html
Folder midterfalset,4 sider - vandret,10.5 x 10.5 cm,250g hochwertiger Qualitätsdruck glänzend,7000,173.8,1303.5,1.6,2086,https://www.wir-machen-druck.de/faltblatt-gefalzt-auf-quadrat-105-cm-x-105-cm-horizontaler-mittelfalz-4seitig.html
Folder midterfalset,4 sider - vandret,10.5 x 10.5 cm,250g hochwertiger Qualitätsdruck glänzend,8000,197.18,1478.85,1.6,2366,https://www.wir-machen-druck.de/faltblatt-gefalzt-auf-quadrat-105-cm-x-105-cm-horizontaler-mittelfalz-4seitig.html
Folder midterfalset,4 sider - vandret,10.5 x 10.5 cm,250g hochwertiger Qualitätsdruck glänzend,9000,220.31,1652.325,1.6,2644,https://www.wir-machen-druck.de/faltblatt-gefalzt-auf-quadrat-105-cm-x-105-cm-horizontaler-mittelfalz-4seitig.html
Folder midterfalset,4 sider - vandret,10.5 x 10.5 cm,250g hochwertiger Qualitätsdruck glänzend,10000,243.45,1825.875,1.6,2921,https://www.wir-machen-druck.de/faltblatt-gefalzt-auf-quadrat-105-cm-x-105-cm-horizontaler-mittelfalz-4seitig.html
Folder midterfalset,4 sider - vandret,10.5 x 10.5 cm,250g hochwertiger Qualitätsdruck glänzend,12500,296.38,2222.85,1.5,3334,https://www.wir-machen-druck.de/faltblatt-gefalzt-auf-quadrat-105-cm-x-105-cm-horizontaler-mittelfalz-4seitig.html
Folder midterfalset,4 sider - vandret,10.5 x 10.5 cm,250g hochwertiger Qualitätsdruck glänzend,15000,348.3,2612.25,1.5,3918,https://www.wir-machen-druck.de/faltblatt-gefalzt-auf-quadrat-105-cm-x-105-cm-horizontaler-mittelfalz-4seitig.html
Folder midterfalset,4 sider - vandret,10.5 x 10.5 cm,250g hochwertiger Qualitätsdruck glänzend,20000,451.44,3385.8,1.5,5079,https://www.wir-machen-druck.de/faltblatt-gefalzt-auf-quadrat-105-cm-x-105-cm-horizontaler-mittelfalz-4seitig.html
Folder midterfalset,4 sider - vandret,10.5 x 10.5 cm,250g hochwertiger Qualitätsdruck matt,50,9,67.5,1.6,108,https://www.wir-machen-druck.de/faltblatt-gefalzt-auf-quadrat-105-cm-x-105-cm-horizontaler-mittelfalz-4seitig.html
Folder midterfalset,4 sider - vandret,10.5 x 10.5 cm,250g hochwertiger Qualitätsdruck matt,100,15.09,113.175,1.6,181,https://www.wir-machen-druck.de/faltblatt-gefalzt-auf-quadrat-105-cm-x-105-cm-horizontaler-mittelfalz-4seitig.html
Folder midterfalset,4 sider - vandret,10.5 x 10.5 cm,250g hochwertiger Qualitätsdruck matt,250,38.09,285.675,1.6,457,https://www.wir-machen-druck.de/faltblatt-gefalzt-auf-quadrat-105-cm-x-105-cm-horizontaler-mittelfalz-4seitig.html
Folder midterfalset,4 sider - vandret,10.5 x 10.5 cm,250g hochwertiger Qualitätsdruck matt,500,38.7,290.25,1.6,464,https://www.wir-machen-druck.de/faltblatt-gefalzt-auf-quadrat-105-cm-x-105-cm-horizontaler-mittelfalz-4seitig.html
Folder midterfalset,4 sider - vandret,10.5 x 10.5 cm,250g hochwertiger Qualitätsdruck matt,750,39.62,297.15,1.6,475,https://www.wir-machen-druck.de/faltblatt-gefalzt-auf-quadrat-105-cm-x-105-cm-horizontaler-mittelfalz-4seitig.html
Folder midterfalset,4 sider - vandret,10.5 x 10.5 cm,250g hochwertiger Qualitätsdruck matt,1000,40.54,304.05,1.6,486,https://www.wir-machen-druck.de/faltblatt-gefalzt-auf-quadrat-105-cm-x-105-cm-horizontaler-mittelfalz-4seitig.html
Folder midterfalset,4 sider - vandret,10.5 x 10.5 cm,250g hochwertiger Qualitätsdruck matt,1500,60.6,454.5,1.6,727,https://www.wir-machen-druck.de/faltblatt-gefalzt-auf-quadrat-105-cm-x-105-cm-horizontaler-mittelfalz-4seitig.html
Folder midterfalset,4 sider - vandret,10.5 x 10.5 cm,250g hochwertiger Qualitätsdruck matt,2000,69.12,518.4,1.6,829,https://www.wir-machen-druck.de/faltblatt-gefalzt-auf-quadrat-105-cm-x-105-cm-horizontaler-mittelfalz-4seitig.html
Folder midterfalset,4 sider - vandret,10.5 x 10.5 cm,250g hochwertiger Qualitätsdruck matt,2500,71.17,533.775,1.6,854,https://www.wir-machen-druck.de/faltblatt-gefalzt-auf-quadrat-105-cm-x-105-cm-horizontaler-mittelfalz-4seitig.html
Folder midterfalset,4 sider - vandret,10.5 x 10.5 cm,250g hochwertiger Qualitätsdruck matt,3000,82.84,621.3,1.6,994,https://www.wir-machen-druck.de/faltblatt-gefalzt-auf-quadrat-105-cm-x-105-cm-horizontaler-mittelfalz-4seitig.html
Folder midterfalset,4 sider - vandret,10.5 x 10.5 cm,250g hochwertiger Qualitätsdruck matt,4000,105.06,787.95,1.6,1261,https://www.wir-machen-druck.de/faltblatt-gefalzt-auf-quadrat-105-cm-x-105-cm-horizontaler-mittelfalz-4seitig.html
Folder midterfalset,4 sider - vandret,10.5 x 10.5 cm,250g hochwertiger Qualitätsdruck matt,5000,126.83,951.225,1.6,1522,https://www.wir-machen-druck.de/faltblatt-gefalzt-auf-quadrat-105-cm-x-105-cm-horizontaler-mittelfalz-4seitig.html
Folder midterfalset,4 sider - vandret,10.5 x 10.5 cm,250g hochwertiger Qualitätsdruck matt,6000,149.92,1124.4,1.6,1799,https://www.wir-machen-druck.de/faltblatt-gefalzt-auf-quadrat-105-cm-x-105-cm-horizontaler-mittelfalz-4seitig.html
Folder midterfalset,4 sider - vandret,10.5 x 10.5 cm,250g hochwertiger Qualitätsdruck matt,7000,173.75,1303.125,1.6,2085,https://www.wir-machen-druck.de/faltblatt-gefalzt-auf-quadrat-105-cm-x-105-cm-horizontaler-mittelfalz-4seitig.html
Folder midterfalset,4 sider - vandret,10.5 x 10.5 cm,250g hochwertiger Qualitätsdruck matt,8000,197.24,1479.3,1.6,2367,https://www.wir-machen-druck.de/faltblatt-gefalzt-auf-quadrat-105-cm-x-105-cm-horizontaler-mittelfalz-4seitig.html
Folder midterfalset,4 sider - vandret,10.5 x 10.5 cm,250g hochwertiger Qualitätsdruck matt,9000,220.76,1655.7,1.6,2649,https://www.wir-machen-druck.de/faltblatt-gefalzt-auf-quadrat-105-cm-x-105-cm-horizontaler-mittelfalz-4seitig.html
Folder midterfalset,4 sider - vandret,10.5 x 10.5 cm,250g hochwertiger Qualitätsdruck matt,10000,243.52,1826.4,1.6,2922,https://www.wir-machen-druck.de/faltblatt-gefalzt-auf-quadrat-105-cm-x-105-cm-horizontaler-mittelfalz-4seitig.html
Folder midterfalset,4 sider - vandret,10.5 x 10.5 cm,250g hochwertiger Qualitätsdruck matt,12500,296.37,2222.775,1.5,3334,https://www.wir-machen-druck.de/faltblatt-gefalzt-auf-quadrat-105-cm-x-105-cm-horizontaler-mittelfalz-4seitig.html
Folder midterfalset,4 sider - vandret,10.5 x 10.5 cm,250g hochwertiger Qualitätsdruck matt,15000,348.02,2610.15,1.5,3915,https://www.wir-machen-druck.de/faltblatt-gefalzt-auf-quadrat-105-cm-x-105-cm-horizontaler-mittelfalz-4seitig.html
Folder midterfalset,4 sider - vandret,10.5 x 10.5 cm,250g hochwertiger Qualitätsdruck matt,20000,451.1,3383.25,1.5,5075,https://www.wir-machen-druck.de/faltblatt-gefalzt-auf-quadrat-105-cm-x-105-cm-horizontaler-mittelfalz-4seitig.html
Folder midterfalset,4 sider - vandret,10.5 x 10.5 cm,"Offset: 80g Qualitätsdruck auf Offsetpapier (beschreibbar, Inkjet- und Laserdruck geeignet)",50,24.06,180.45,1.6,289,https://www.wir-machen-druck.de/faltblatt-gefalzt-auf-quadrat-105-cm-x-105-cm-horizontaler-mittelfalz-4seitig.html
Folder midterfalset,4 sider - vandret,10.5 x 10.5 cm,"Offset: 80g Qualitätsdruck auf Offsetpapier (beschreibbar, Inkjet- und Laserdruck geeignet)",100,27.6,207,1.6,331,https://www.wir-machen-druck.de/faltblatt-gefalzt-auf-quadrat-105-cm-x-105-cm-horizontaler-mittelfalz-4seitig.html
Folder midterfalset,4 sider - vandret,10.5 x 10.5 cm,"Offset: 80g Qualitätsdruck auf Offsetpapier (beschreibbar, Inkjet- und Laserdruck geeignet)",250,33.69,252.675,1.6,404,https://www.wir-machen-druck.de/faltblatt-gefalzt-auf-quadrat-105-cm-x-105-cm-horizontaler-mittelfalz-4seitig.html
Folder midterfalset,4 sider - vandret,10.5 x 10.5 cm,"Offset: 80g Qualitätsdruck auf Offsetpapier (beschreibbar, Inkjet- und Laserdruck geeignet)",500,34.71,260.325,1.6,417,https://www.wir-machen-druck.de/faltblatt-gefalzt-auf-quadrat-105-cm-x-105-cm-horizontaler-mittelfalz-4seitig.html
Folder midterfalset,4 sider - vandret,10.5 x 10.5 cm,"Offset: 80g Qualitätsdruck auf Offsetpapier (beschreibbar, Inkjet- und Laserdruck geeignet)",750,35.1,263.25,1.6,421,https://www.wir-machen-druck.de/faltblatt-gefalzt-auf-quadrat-105-cm-x-105-cm-horizontaler-mittelfalz-4seitig.html
Folder midterfalset,4 sider - vandret,10.5 x 10.5 cm,"Offset: 80g Qualitätsdruck auf Offsetpapier (beschreibbar, Inkjet- und Laserdruck geeignet)",1000,40.19,301.425,1.6,482,https://www.wir-machen-druck.de/faltblatt-gefalzt-auf-quadrat-105-cm-x-105-cm-horizontaler-mittelfalz-4seitig.html
Folder midterfalset,4 sider - vandret,10.5 x 10.5 cm,"Offset: 80g Qualitätsdruck auf Offsetpapier (beschreibbar, Inkjet- und Laserdruck geeignet)",2000,52.97,397.275,1.6,636,https://www.wir-machen-druck.de/faltblatt-gefalzt-auf-quadrat-105-cm-x-105-cm-horizontaler-mittelfalz-4seitig.html
Folder midterfalset,4 sider - vandret,10.5 x 10.5 cm,"Offset: 80g Qualitätsdruck auf Offsetpapier (beschreibbar, Inkjet- und Laserdruck geeignet)",2500,58.05,435.375,1.6,697,https://www.wir-machen-druck.de/faltblatt-gefalzt-auf-quadrat-105-cm-x-105-cm-horizontaler-mittelfalz-4seitig.html
Folder midterfalset,4 sider - vandret,10.5 x 10.5 cm,"Offset: 80g Qualitätsdruck auf Offsetpapier (beschreibbar, Inkjet- und Laserdruck geeignet)",5000,82.57,619.275,1.6,991,https://www.wir-machen-druck.de/faltblatt-gefalzt-auf-quadrat-105-cm-x-105-cm-horizontaler-mittelfalz-4seitig.html
Folder midterfalset,4 sider - vandret,10.5 x 10.5 cm,"Offset: 80g Qualitätsdruck auf Offsetpapier (beschreibbar, Inkjet- und Laserdruck geeignet)",10000,137.17,1028.775,1.6,1646,https://www.wir-machen-druck.de/faltblatt-gefalzt-auf-quadrat-105-cm-x-105-cm-horizontaler-mittelfalz-4seitig.html
Folder midterfalset,4 sider - vandret,10.5 x 10.5 cm,"Offset: 80g Qualitätsdruck auf Offsetpapier (beschreibbar, Inkjet- und Laserdruck geeignet)",15000,191.16,1433.7,1.6,2294,https://www.wir-machen-druck.de/faltblatt-gefalzt-auf-quadrat-105-cm-x-105-cm-horizontaler-mittelfalz-4seitig.html
Folder midterfalset,4 sider - vandret,10.5 x 10.5 cm,"Offset: 80g Qualitätsdruck auf Offsetpapier (beschreibbar, Inkjet- und Laserdruck geeignet)",20000,247.26,1854.45,1.6,2967,https://www.wir-machen-druck.de/faltblatt-gefalzt-auf-quadrat-105-cm-x-105-cm-horizontaler-mittelfalz-4seitig.html
Folder midterfalset,4 sider - vandret,10.5 x 10.5 cm,Recycling: 135g Qualitätsdruck auf hochwertigem Recyclingpapier weiß,50,24.49,183.675,1.6,294,https://www.wir-machen-druck.de/faltblatt-gefalzt-auf-quadrat-105-cm-x-105-cm-horizontaler-mittelfalz-4seitig.html
Folder midterfalset,4 sider - vandret,10.5 x 10.5 cm,Recycling: 135g Qualitätsdruck auf hochwertigem Recyclingpapier weiß,100,28.27,212.025,1.6,339,https://www.wir-machen-druck.de/faltblatt-gefalzt-auf-quadrat-105-cm-x-105-cm-horizontaler-mittelfalz-4seitig.html
Folder midterfalset,4 sider - vandret,10.5 x 10.5 cm,Recycling: 135g Qualitätsdruck auf hochwertigem Recyclingpapier weiß,250,48.76,365.7,1.6,585,https://www.wir-machen-druck.de/faltblatt-gefalzt-auf-quadrat-105-cm-x-105-cm-horizontaler-mittelfalz-4seitig.html
Folder midterfalset,4 sider - vandret,10.5 x 10.5 cm,Recycling: 135g Qualitätsdruck auf hochwertigem Recyclingpapier weiß,500,65.61,492.075,1.6,787,https://www.wir-machen-druck.de/faltblatt-gefalzt-auf-quadrat-105-cm-x-105-cm-horizontaler-mittelfalz-4seitig.html
Folder midterfalset,4 sider - vandret,10.5 x 10.5 cm,Recycling: 135g Qualitätsdruck auf hochwertigem Recyclingpapier weiß,750,75.02,562.65,1.6,900,https://www.wir-machen-druck.de/faltblatt-gefalzt-auf-quadrat-105-cm-x-105-cm-horizontaler-mittelfalz-4seitig.html
Folder midterfalset,4 sider - vandret,10.5 x 10.5 cm,Recycling: 135g Qualitätsdruck auf hochwertigem Recyclingpapier weiß,1000,75.08,563.1,1.6,901,https://www.wir-machen-druck.de/faltblatt-gefalzt-auf-quadrat-105-cm-x-105-cm-horizontaler-mittelfalz-4seitig.html
Folder midterfalset,4 sider - vandret,10.5 x 10.5 cm,Recycling: 135g Qualitätsdruck auf hochwertigem Recyclingpapier weiß,1500,98.85,741.375,1.6,1186,https://www.wir-machen-druck.de/faltblatt-gefalzt-auf-quadrat-105-cm-x-105-cm-horizontaler-mittelfalz-4seitig.html
Folder midterfalset,4 sider - vandret,10.5 x 10.5 cm,Recycling: 135g Qualitätsdruck auf hochwertigem Recyclingpapier weiß,2000,102.52,768.9,1.6,1230,https://www.wir-machen-druck.de/faltblatt-gefalzt-auf-quadrat-105-cm-x-105-cm-horizontaler-mittelfalz-4seitig.html
Folder midterfalset,4 sider - vandret,10.5 x 10.5 cm,Recycling: 135g Qualitätsdruck auf hochwertigem Recyclingpapier weiß,2500,102.62,769.65,1.6,1231,https://www.wir-machen-druck.de/faltblatt-gefalzt-auf-quadrat-105-cm-x-105-cm-horizontaler-mittelfalz-4seitig.html
Folder midterfalset,4 sider - vandret,10.5 x 10.5 cm,Recycling: 135g Qualitätsdruck auf hochwertigem Recyclingpapier weiß,3000,121.23,909.225,1.6,1455,https://www.wir-machen-druck.de/faltblatt-gefalzt-auf-quadrat-105-cm-x-105-cm-horizontaler-mittelfalz-4seitig.html
Folder midterfalset,4 sider - vandret,10.5 x 10.5 cm,Recycling: 135g Qualitätsdruck auf hochwertigem Recyclingpapier weiß,4000,127.76,958.2,1.6,1533,https://www.wir-machen-druck.de/faltblatt-gefalzt-auf-quadrat-105-cm-x-105-cm-horizontaler-mittelfalz-4seitig.html
Folder midterfalset,4 sider - vandret,10.5 x 10.5 cm,Recycling: 135g Qualitätsdruck auf hochwertigem Recyclingpapier weiß,5000,128.03,960.225,1.6,1536,https://www.wir-machen-druck.de/faltblatt-gefalzt-auf-quadrat-105-cm-x-105-cm-horizontaler-mittelfalz-4seitig.html
Folder midterfalset,4 sider - vandret,10.5 x 10.5 cm,Recycling: 135g Qualitätsdruck auf hochwertigem Recyclingpapier weiß,6000,162.03,1215.225,1.6,1944,https://www.wir-machen-druck.de/faltblatt-gefalzt-auf-quadrat-105-cm-x-105-cm-horizontaler-mittelfalz-4seitig.html
Folder midterfalset,4 sider - vandret,10.5 x 10.5 cm,Recycling: 135g Qualitätsdruck auf hochwertigem Recyclingpapier weiß,7000,180.97,1357.275,1.6,2172,https://www.wir-machen-druck.de/faltblatt-gefalzt-auf-quadrat-105-cm-x-105-cm-horizontaler-mittelfalz-4seitig.html
Folder midterfalset,4 sider - vandret,10.5 x 10.5 cm,Recycling: 135g Qualitätsdruck auf hochwertigem Recyclingpapier weiß,8000,199.16,1493.7,1.6,2390,https://www.wir-machen-druck.de/faltblatt-gefalzt-auf-quadrat-105-cm-x-105-cm-horizontaler-mittelfalz-4seitig.html
Folder midterfalset,4 sider - vandret,10.5 x 10.5 cm,Recycling: 135g Qualitätsdruck auf hochwertigem Recyclingpapier weiß,9000,205.32,1539.9,1.6,2464,https://www.wir-machen-druck.de/faltblatt-gefalzt-auf-quadrat-105-cm-x-105-cm-horizontaler-mittelfalz-4seitig.html
Folder midterfalset,4 sider - vandret,10.5 x 10.5 cm,Recycling: 135g Qualitätsdruck auf hochwertigem Recyclingpapier weiß,10000,205.54,1541.55,1.6,2466,https://www.wir-machen-druck.de/faltblatt-gefalzt-auf-quadrat-105-cm-x-105-cm-horizontaler-mittelfalz-4seitig.html
Folder midterfalset,4 sider - vandret,10.5 x 10.5 cm,Recycling: 135g Qualitätsdruck auf hochwertigem Recyclingpapier weiß,12500,283.74,2128.05,1.5,3192,https://www.wir-machen-druck.de/faltblatt-gefalzt-auf-quadrat-105-cm-x-105-cm-horizontaler-mittelfalz-4seitig.html
Folder midterfalset,4 sider - vandret,10.5 x 10.5 cm,Recycling: 135g Qualitätsdruck auf hochwertigem Recyclingpapier weiß,15000,287.74,2158.05,1.5,3237,https://www.wir-machen-druck.de/faltblatt-gefalzt-auf-quadrat-105-cm-x-105-cm-horizontaler-mittelfalz-4seitig.html
Folder midterfalset,4 sider - vandret,10.5 x 10.5 cm,Recycling: 135g Qualitätsdruck auf hochwertigem Recyclingpapier weiß,20000,367.69,2757.675,1.5,4137,https://www.wir-machen-druck.de/faltblatt-gefalzt-auf-quadrat-105-cm-x-105-cm-horizontaler-mittelfalz-4seitig.html
