vert_label,category,finish,source_label,quantity,eur,dkk_base,tier_multiplier,dkk_final
115g,standard,Gloss,115g hochwertiger Qualitätsdruck glänzend,50,29.62,222.15,1.6,355
115g,standard,Gloss,115g hochwertiger Qualitätsdruck glänzend,100,32.06,240.45,1.6,385
115g,standard,Gloss,115g hochwertiger Qualitätsdruck glänzend,250,36.71,275.325,1.6,441
115g,standard,Gloss,115g hochwertiger Qualitätsdruck glänzend,500,39.7,297.75,1.6,476
115g,standard,Gloss,115g hochwertiger Qualitätsdruck glänzend,1000,41.25,309.375,1.6,495
115g,standard,Gloss,115g hochwertiger Qualitätsdruck glänzend,1500,58.92,441.9,1.6,707
115g,standard,Gloss,115g hochwertiger Qualitätsdruck glänzend,2000,64.42,483.15,1.6,773
115g,standard,Gloss,115g hochwertiger Qualitätsdruck glänzend,2500,67.96,509.7,1.6,816
115g,standard,Gloss,115g hochwertiger Qualitätsdruck glänzend,3000,75.06,562.95,1.6,901
115g,standard,Gloss,115g hochwertiger Qualitätsdruck glänzend,4000,88.9,666.75,1.6,1067
115g,standard,Gloss,115g hochwertiger Qualitätsdruck glänzend,5000,103.16,773.7,1.6,1238
115g,standard,Gloss,115g hochwertiger Qualitätsdruck glänzend,6000,123.83,928.725,1.6,1486
115g,standard,Gloss,115g hochwertiger Qualitätsdruck glänzend,7000,143.58,1076.85,1.6,1723
115g,standard,Gloss,115g hochwertiger Qualitätsdruck glänzend,8000,164.85,1236.375,1.6,1978
115g,standard,Gloss,115g hochwertiger Qualitätsdruck glänzend,9000,185.47,1391.025,1.6,2226
115g,standard,Gloss,115g hochwertiger Qualitätsdruck glänzend,10000,205.23,1539.225,1.6,2463
115g,standard,Gloss,115g hochwertiger Qualitätsdruck glänzend,15000,295.84,2218.8,1.5,3328
115g,standard,Gloss,115g hochwertiger Qualitätsdruck glänzend,20000,401.73,3012.975,1.5,4519
115g,standard,Matt,115g hochwertiger Qualitätsdruck matt,50,29.68,222.6,1.6,356
115g,standard,Matt,115g hochwertiger Qualitätsdruck matt,100,32.01,240.075,1.6,384
115g,standard,Matt,115g hochwertiger Qualitätsdruck matt,250,36.83,276.225,1.6,442
115g,standard,Matt,115g hochwertiger Qualitätsdruck matt,500,39.74,298.05,1.6,477
115g,standard,Matt,115g hochwertiger Qualitätsdruck matt,1000,41.9,314.25,1.6,503
115g,standard,Matt,115g hochwertiger Qualitätsdruck matt,1500,58.47,438.525,1.6,702
115g,standard,Matt,115g hochwertiger Qualitätsdruck matt,2000,64.46,483.45,1.6,774
115g,standard,Matt,115g hochwertiger Qualitätsdruck matt,2500,68.52,513.9,1.6,822
115g,standard,Matt,115g hochwertiger Qualitätsdruck matt,3000,75.74,568.05,1.6,909
115g,standard,Matt,115g hochwertiger Qualitätsdruck matt,4000,89.3,669.75,1.6,1072
115g,standard,Matt,115g hochwertiger Qualitätsdruck matt,5000,102.66,769.95,1.6,1232
115g,standard,Matt,115g hochwertiger Qualitätsdruck matt,6000,123.47,926.025,1.6,1482
115g,standard,Matt,115g hochwertiger Qualitätsdruck matt,7000,144.34,1082.55,1.6,1732
115g,standard,Matt,115g hochwertiger Qualitätsdruck matt,8000,164.68,1235.1,1.6,1976
115g,standard,Matt,115g hochwertiger Qualitätsdruck matt,9000,185.37,1390.275,1.6,2224
115g,standard,Matt,115g hochwertiger Qualitätsdruck matt,10000,205.2,1539,1.6,2462
115g,standard,Matt,115g hochwertiger Qualitätsdruck matt,15000,295.81,2218.575,1.5,3328
115g,standard,Matt,115g hochwertiger Qualitätsdruck matt,20000,402.07,3015.525,1.5,4523
135g,standard,Gloss,135g hochwertiger Qualitätsdruck glänzend,50,17.71,132.825,1.6,213
135g,standard,Gloss,135g hochwertiger Qualitätsdruck glänzend,100,25.29,189.675,1.6,303
135g,standard,Gloss,135g hochwertiger Qualitätsdruck glänzend,250,27.17,203.775,1.6,326
135g,standard,Gloss,135g hochwertiger Qualitätsdruck glänzend,500,35.02,262.65,1.6,420
135g,standard,Gloss,135g hochwertiger Qualitätsdruck glänzend,1000,42.9,321.75,1.6,515
135g,standard,Gloss,135g hochwertiger Qualitätsdruck glänzend,1500,58.48,438.6,1.6,702
135g,standard,Gloss,135g hochwertiger Qualitätsdruck glänzend,2000,65.75,493.125,1.6,789
135g,standard,Gloss,135g hochwertiger Qualitätsdruck glänzend,2500,72.55,544.125,1.6,871
135g,standard,Gloss,135g hochwertiger Qualitätsdruck glänzend,3000,79.72,597.9,1.6,957
135g,standard,Gloss,135g hochwertiger Qualitätsdruck glänzend,4000,95.43,715.725,1.6,1145
135g,standard,Gloss,135g hochwertiger Qualitätsdruck glänzend,5000,110.18,826.35,1.6,1322
135g,standard,Gloss,135g hochwertiger Qualitätsdruck glänzend,6000,130.81,981.075,1.6,1570
135g,standard,Gloss,135g hochwertiger Qualitätsdruck glänzend,7000,152.11,1140.825,1.6,1825
135g,standard,Gloss,135g hochwertiger Qualitätsdruck glänzend,8000,172.43,1293.225,1.6,2069
135g,standard,Gloss,135g hochwertiger Qualitätsdruck glänzend,9000,192.14,1441.05,1.6,2306
135g,standard,Gloss,135g hochwertiger Qualitätsdruck glänzend,10000,210.84,1581.3,1.6,2530
135g,standard,Gloss,135g hochwertiger Qualitätsdruck glänzend,15000,304.72,2285.4,1.5,3428
135g,standard,Gloss,135g hochwertiger Qualitätsdruck glänzend,20000,398.19,2986.425,1.5,4480
135g,standard,Matt,135g hochwertiger Qualitätsdruck matt,50,16.55,124.125,1.6,199
135g,standard,Matt,135g hochwertiger Qualitätsdruck matt,100,22.72,170.4,1.6,273
135g,standard,Matt,135g hochwertiger Qualitätsdruck matt,250,25.59,191.925,1.6,307
135g,standard,Matt,135g hochwertiger Qualitätsdruck matt,500,31.69,237.675,1.6,380
135g,standard,Matt,135g hochwertiger Qualitätsdruck matt,1000,40.33,302.475,1.6,484
135g,standard,Matt,135g hochwertiger Qualitätsdruck matt,1500,52.83,396.225,1.6,634
135g,standard,Matt,135g hochwertiger Qualitätsdruck matt,2000,59.68,447.6,1.6,716
135g,standard,Matt,135g hochwertiger Qualitätsdruck matt,2500,65.81,493.575,1.6,790
135g,standard,Matt,135g hochwertiger Qualitätsdruck matt,3000,73.5,551.25,1.6,882
135g,standard,Matt,135g hochwertiger Qualitätsdruck matt,4000,89.11,668.325,1.6,1069
135g,standard,Matt,135g hochwertiger Qualitätsdruck matt,5000,105.44,790.8,1.6,1265
135g,standard,Matt,135g hochwertiger Qualitätsdruck matt,6000,122.34,917.55,1.6,1468
135g,standard,Matt,135g hochwertiger Qualitätsdruck matt,7000,138.95,1042.125,1.6,1667
135g,standard,Matt,135g hochwertiger Qualitätsdruck matt,8000,156.34,1172.55,1.6,1876
135g,standard,Matt,135g hochwertiger Qualitätsdruck matt,9000,172.61,1294.575,1.6,2071
135g,standard,Matt,135g hochwertiger Qualitätsdruck matt,10000,189.84,1423.8,1.6,2278
135g,standard,Matt,135g hochwertiger Qualitätsdruck matt,15000,275.2,2064,1.5,3096
135g,standard,Matt,135g hochwertiger Qualitätsdruck matt,20000,359.61,2697.075,1.5,4046
170g,standard,Gloss,170g hochwertiger Qualitätsdruck glänzend,50,19.82,148.65,1.6,238
170g,standard,Gloss,170g hochwertiger Qualitätsdruck glänzend,100,26.43,198.225,1.6,317
170g,standard,Gloss,170g hochwertiger Qualitätsdruck glänzend,250,32.52,243.9,1.6,390
170g,standard,Gloss,170g hochwertiger Qualitätsdruck glänzend,500,40.19,301.425,1.6,482
170g,standard,Gloss,170g hochwertiger Qualitätsdruck glänzend,1000,51.1,383.25,1.6,613
170g,standard,Gloss,170g hochwertiger Qualitätsdruck glänzend,1500,67.32,504.9,1.6,808
170g,standard,Gloss,170g hochwertiger Qualitätsdruck glänzend,2000,75.88,569.1,1.6,911
170g,standard,Gloss,170g hochwertiger Qualitätsdruck glänzend,2500,83.6,627,1.6,1003
170g,standard,Gloss,170g hochwertiger Qualitätsdruck glänzend,3000,94.85,711.375,1.6,1138
170g,standard,Gloss,170g hochwertiger Qualitätsdruck glänzend,4000,116.34,872.55,1.6,1396
170g,standard,Gloss,170g hochwertiger Qualitätsdruck glänzend,5000,138.32,1037.4,1.6,1660
170g,standard,Gloss,170g hochwertiger Qualitätsdruck glänzend,6000,161.36,1210.2,1.6,1936
170g,standard,Gloss,170g hochwertiger Qualitätsdruck glänzend,7000,185.27,1389.525,1.6,2223
170g,standard,Gloss,170g hochwertiger Qualitätsdruck glänzend,8000,208.47,1563.525,1.6,2502
170g,standard,Gloss,170g hochwertiger Qualitätsdruck glänzend,9000,231.45,1735.875,1.6,2777
170g,standard,Gloss,170g hochwertiger Qualitätsdruck glänzend,10000,254.53,1908.975,1.6,3054
170g,standard,Gloss,170g hochwertiger Qualitätsdruck glänzend,15000,366.91,2751.825,1.5,4128
170g,standard,Gloss,170g hochwertiger Qualitätsdruck glänzend,20000,488.07,3660.525,1.5,5491
170g,standard,Matt,170g hochwertiger Qualitätsdruck matt,50,19.51,146.325,1.6,234
170g,standard,Matt,170g hochwertiger Qualitätsdruck matt,100,24.61,184.575,1.6,295
170g,standard,Matt,170g hochwertiger Qualitätsdruck matt,250,29.86,223.95,1.6,358
170g,standard,Matt,170g hochwertiger Qualitätsdruck matt,500,37.53,281.475,1.6,450
170g,standard,Matt,170g hochwertiger Qualitätsdruck matt,1000,49.68,372.6,1.6,596
170g,standard,Matt,170g hochwertiger Qualitätsdruck matt,1500,65.95,494.625,1.6,791
170g,standard,Matt,170g hochwertiger Qualitätsdruck matt,2000,74.68,560.1,1.6,896
170g,standard,Matt,170g hochwertiger Qualitätsdruck matt,2500,82.22,616.65,1.6,987
170g,standard,Matt,170g hochwertiger Qualitätsdruck matt,3000,92.86,696.45,1.6,1114
170g,standard,Matt,170g hochwertiger Qualitätsdruck matt,4000,114.68,860.1,1.6,1376
170g,standard,Matt,170g hochwertiger Qualitätsdruck matt,5000,136.35,1022.625,1.6,1636
170g,standard,Matt,170g hochwertiger Qualitätsdruck matt,6000,158.53,1188.975,1.6,1902
170g,standard,Matt,170g hochwertiger Qualitätsdruck matt,7000,181.65,1362.375,1.6,2180
170g,standard,Matt,170g hochwertiger Qualitätsdruck matt,8000,203.97,1529.775,1.6,2448
170g,standard,Matt,170g hochwertiger Qualitätsdruck matt,9000,227.48,1706.1,1.6,2730
170g,standard,Matt,170g hochwertiger Qualitätsdruck matt,10000,250.33,1877.475,1.6,3004
170g,standard,Matt,170g hochwertiger Qualitätsdruck matt,15000,361.06,2707.95,1.5,4062
170g,standard,Matt,170g hochwertiger Qualitätsdruck matt,20000,480.98,3607.35,1.5,5411
250g,standard,Gloss,250g hochwertiger Qualitätsdruck glänzend,50,18.4,138,1.6,221
250g,standard,Gloss,250g hochwertiger Qualitätsdruck glänzend,100,29.6,222,1.6,355
250g,standard,Gloss,250g hochwertiger Qualitätsdruck glänzend,250,34.4,258,1.6,413
250g,standard,Gloss,250g hochwertiger Qualitätsdruck glänzend,500,44.13,330.975,1.6,530
250g,standard,Gloss,250g hochwertiger Qualitätsdruck glänzend,1000,54.44,408.3,1.6,653
250g,standard,Gloss,250g hochwertiger Qualitätsdruck glänzend,1500,82.12,615.9,1.6,985
250g,standard,Gloss,250g hochwertiger Qualitätsdruck glänzend,2000,92.27,692.025,1.6,1107
250g,standard,Gloss,250g hochwertiger Qualitätsdruck glänzend,2500,102.5,768.75,1.6,1230
250g,standard,Gloss,250g hochwertiger Qualitätsdruck glänzend,3000,118.06,885.45,1.6,1417
250g,standard,Gloss,250g hochwertiger Qualitätsdruck glänzend,4000,149.49,1121.175,1.6,1794
250g,standard,Gloss,250g hochwertiger Qualitätsdruck glänzend,5000,180.84,1356.3,1.6,2170
250g,standard,Gloss,250g hochwertiger Qualitätsdruck glänzend,6000,212.99,1597.425,1.6,2556
250g,standard,Gloss,250g hochwertiger Qualitätsdruck glänzend,7000,245.06,1837.95,1.6,2941
250g,standard,Gloss,250g hochwertiger Qualitätsdruck glänzend,8000,276.9,2076.75,1.5,3115
250g,standard,Gloss,250g hochwertiger Qualitätsdruck glänzend,9000,308.72,2315.4,1.5,3473
250g,standard,Gloss,250g hochwertiger Qualitätsdruck glänzend,10000,341.31,2559.825,1.5,3840
250g,standard,Gloss,250g hochwertiger Qualitätsdruck glänzend,15000,504.66,3784.95,1.5,5677
250g,standard,Gloss,250g hochwertiger Qualitätsdruck glänzend,20000,667.94,5009.55,1.4,7013
250g,standard,Matt,250g hochwertiger Qualitätsdruck matt,50,18.43,138.225,1.6,221
250g,standard,Matt,250g hochwertiger Qualitätsdruck matt,100,28.21,211.575,1.6,339
250g,standard,Matt,250g hochwertiger Qualitätsdruck matt,250,34.58,259.35,1.6,415
250g,standard,Matt,250g hochwertiger Qualitätsdruck matt,500,44.46,333.45,1.6,534
250g,standard,Matt,250g hochwertiger Qualitätsdruck matt,1000,53.88,404.1,1.6,647
250g,standard,Matt,250g hochwertiger Qualitätsdruck matt,1500,82.24,616.8,1.6,987
250g,standard,Matt,250g hochwertiger Qualitätsdruck matt,2000,93.03,697.725,1.6,1116
250g,standard,Matt,250g hochwertiger Qualitätsdruck matt,2500,103.3,774.75,1.6,1240
250g,standard,Matt,250g hochwertiger Qualitätsdruck matt,3000,119.22,894.15,1.6,1431
250g,standard,Matt,250g hochwertiger Qualitätsdruck matt,4000,150.66,1129.95,1.6,1808
250g,standard,Matt,250g hochwertiger Qualitätsdruck matt,5000,181.53,1361.475,1.6,2178
250g,standard,Matt,250g hochwertiger Qualitätsdruck matt,6000,213.51,1601.325,1.6,2562
250g,standard,Matt,250g hochwertiger Qualitätsdruck matt,7000,246.02,1845.15,1.6,2952
250g,standard,Matt,250g hochwertiger Qualitätsdruck matt,8000,278.33,2087.475,1.5,3131
250g,standard,Matt,250g hochwertiger Qualitätsdruck matt,9000,311.04,2332.8,1.5,3499
250g,standard,Matt,250g hochwertiger Qualitätsdruck matt,10000,343.44,2575.8,1.5,3864
250g,standard,Matt,250g hochwertiger Qualitätsdruck matt,15000,507.1,3803.25,1.5,5705
250g,standard,Matt,250g hochwertiger Qualitätsdruck matt,20000,671.77,5038.275,1.4,7054
300g,standard,Gloss,300g hochwertiger Qualitätsdruck glänzend,50,34.06,255.45,1.6,409
300g,standard,Gloss,300g hochwertiger Qualitätsdruck glänzend,100,46.31,347.325,1.6,556
300g,standard,Gloss,300g hochwertiger Qualitätsdruck glänzend,250,75.3,564.75,1.6,904
300g,standard,Gloss,300g hochwertiger Qualitätsdruck glänzend,500,96.96,727.2,1.6,1164
300g,standard,Gloss,300g hochwertiger Qualitätsdruck glänzend,1000,117.31,879.825,1.6,1408
300g,standard,Gloss,300g hochwertiger Qualitätsdruck glänzend,2500,190.93,1431.975,1.6,2291
300g,standard,Gloss,300g hochwertiger Qualitätsdruck glänzend,5000,304.32,2282.4,1.5,3424
300g,standard,Gloss,300g hochwertiger Qualitätsdruck glänzend,10000,564.26,4231.95,1.5,6348
300g,standard,Gloss,300g hochwertiger Qualitätsdruck glänzend,20000,1011.2,7584,1.4,10618
300g,standard,Matt,300g hochwertiger Qualitätsdruck matt,50,23.38,175.35,1.6,281
300g,standard,Matt,300g hochwertiger Qualitätsdruck matt,100,33.89,254.175,1.6,407
300g,standard,Matt,300g hochwertiger Qualitätsdruck matt,250,40.66,304.95,1.6,488
300g,standard,Matt,300g hochwertiger Qualitätsdruck matt,500,51.58,386.85,1.6,619
300g,standard,Matt,300g hochwertiger Qualitätsdruck matt,1000,72.49,543.675,1.6,870
300g,standard,Matt,300g hochwertiger Qualitätsdruck matt,2500,143.56,1076.7,1.6,1723
300g,standard,Matt,300g hochwertiger Qualitätsdruck matt,5000,278.41,2088.075,1.5,3132
300g,standard,Matt,300g hochwertiger Qualitätsdruck matt,10000,563.43,4225.725,1.5,6339
300g,standard,Matt,300g hochwertiger Qualitätsdruck matt,20000,965.06,7237.95,1.4,10133
90g,standard,Matt,90g hochwertiger Qualitätsdruck matt,50,8.98,67.35,1.6,108
90g,standard,Matt,90g hochwertiger Qualitätsdruck matt,100,15.11,113.325,1.6,181
90g,standard,Matt,90g hochwertiger Qualitätsdruck matt,250,38.24,286.8,1.6,459
90g,standard,Matt,90g hochwertiger Qualitätsdruck matt,500,41.09,308.175,1.6,493
90g,standard,Matt,90g hochwertiger Qualitätsdruck matt,1000,43.01,322.575,1.6,516
90g,standard,Matt,90g hochwertiger Qualitätsdruck matt,1500,57.36,430.2,1.6,688
90g,standard,Matt,90g hochwertiger Qualitätsdruck matt,2000,62.81,471.075,1.6,754
90g,standard,Matt,90g hochwertiger Qualitätsdruck matt,2500,66.34,497.55,1.6,796
90g,standard,Matt,90g hochwertiger Qualitätsdruck matt,3000,72.91,546.825,1.6,875
90g,standard,Matt,90g hochwertiger Qualitätsdruck matt,4000,86.05,645.375,1.6,1033
90g,standard,Matt,90g hochwertiger Qualitätsdruck matt,5000,99.23,744.225,1.6,1191
90g,standard,Matt,90g hochwertiger Qualitätsdruck matt,6000,117.3,879.75,1.6,1408
90g,standard,Matt,90g hochwertiger Qualitätsdruck matt,7000,132.04,990.3,1.6,1584
90g,standard,Matt,90g hochwertiger Qualitätsdruck matt,8000,147.21,1104.075,1.6,1767
90g,standard,Matt,90g hochwertiger Qualitätsdruck matt,9000,162.09,1215.675,1.6,1945
90g,standard,Matt,90g hochwertiger Qualitätsdruck matt,10000,176.94,1327.05,1.6,2123
90g,standard,Matt,90g hochwertiger Qualitätsdruck matt,15000,253.8,1903.5,1.6,3046
90g,standard,Matt,90g hochwertiger Qualitätsdruck matt,20000,337.69,2532.675,1.5,3799
Recycling 135g,recycling,Matt,Recycling: 135g Qualitätsdruck auf hochwertigem Recyclingpapier weiß,50,28.27,212.025,1.6,339
Recycling 135g,recycling,Matt,Recycling: 135g Qualitätsdruck auf hochwertigem Recyclingpapier weiß,100,36.14,271.05,1.6,434
Recycling 135g,recycling,Matt,Recycling: 135g Qualitätsdruck auf hochwertigem Recyclingpapier weiß,250,77.84,583.8,1.6,934
Recycling 135g,recycling,Matt,Recycling: 135g Qualitätsdruck auf hochwertigem Recyclingpapier weiß,500,85.83,643.725,1.6,1030
Recycling 135g,recycling,Matt,Recycling: 135g Qualitätsdruck auf hochwertigem Recyclingpapier weiß,1000,91.29,684.675,1.6,1095
Recycling 135g,recycling,Matt,Recycling: 135g Qualitätsdruck auf hochwertigem Recyclingpapier weiß,1500,117.64,882.3,1.6,1412
Recycling 135g,recycling,Matt,Recycling: 135g Qualitätsdruck auf hochwertigem Recyclingpapier weiß,2000,117.76,883.2,1.6,1413
Recycling 135g,recycling,Matt,Recycling: 135g Qualitätsdruck auf hochwertigem Recyclingpapier weiß,2500,128.14,961.05,1.6,1538
Recycling 135g,recycling,Matt,Recycling: 135g Qualitätsdruck auf hochwertigem Recyclingpapier weiß,3000,158.01,1185.075,1.6,1896
Recycling 135g,recycling,Matt,Recycling: 135g Qualitätsdruck auf hochwertigem Recyclingpapier weiß,4000,168.79,1265.925,1.6,2025
Recycling 135g,recycling,Matt,Recycling: 135g Qualitätsdruck auf hochwertigem Recyclingpapier weiß,5000,179.81,1348.575,1.6,2158
Recycling 135g,recycling,Matt,Recycling: 135g Qualitätsdruck auf hochwertigem Recyclingpapier weiß,6000,216.02,1620.15,1.6,2592
Recycling 135g,recycling,Matt,Recycling: 135g Qualitätsdruck auf hochwertigem Recyclingpapier weiß,7000,252.38,1892.85,1.6,3029
Recycling 135g,recycling,Matt,Recycling: 135g Qualitätsdruck auf hochwertigem Recyclingpapier weiß,8000,289.53,2171.475,1.5,3257
Recycling 135g,recycling,Matt,Recycling: 135g Qualitätsdruck auf hochwertigem Recyclingpapier weiß,9000,325.98,2444.85,1.5,3667
Recycling 135g,recycling,Matt,Recycling: 135g Qualitätsdruck auf hochwertigem Recyclingpapier weiß,10000,341.63,2562.225,1.5,3843
Recycling 135g,recycling,Matt,Recycling: 135g Qualitätsdruck auf hochwertigem Recyclingpapier weiß,15000,481.52,3611.4,1.5,5417
Recycling 135g,recycling,Matt,Recycling: 135g Qualitätsdruck auf hochwertigem Recyclingpapier weiß,20000,622.4,4668,1.5,7002
Recycling 170g,recycling,Matt,Recycling: 170g hochwertiger Qualitätsdruck auf Recyclingpapier weiß matt,50,31.84,238.8,1.6,382
Recycling 170g,recycling,Matt,Recycling: 170g hochwertiger Qualitätsdruck auf Recyclingpapier weiß matt,100,40.27,302.025,1.6,483
Recycling 170g,recycling,Matt,Recycling: 170g hochwertiger Qualitätsdruck auf Recyclingpapier weiß matt,250,81.48,611.1,1.6,978
Recycling 170g,recycling,Matt,Recycling: 170g hochwertiger Qualitätsdruck auf Recyclingpapier weiß matt,500,90.71,680.325,1.6,1089
Recycling 170g,recycling,Matt,Recycling: 170g hochwertiger Qualitätsdruck auf Recyclingpapier weiß matt,1000,108.77,815.775,1.6,1305
Recycling 170g,recycling,Matt,Recycling: 170g hochwertiger Qualitätsdruck auf Recyclingpapier weiß matt,1500,137.11,1028.325,1.6,1645
Recycling 170g,recycling,Matt,Recycling: 170g hochwertiger Qualitätsdruck auf Recyclingpapier weiß matt,2000,137.24,1029.3,1.6,1647
Recycling 170g,recycling,Matt,Recycling: 170g hochwertiger Qualitätsdruck auf Recyclingpapier weiß matt,2500,152.87,1146.525,1.6,1834
Recycling 170g,recycling,Matt,Recycling: 170g hochwertiger Qualitätsdruck auf Recyclingpapier weiß matt,3000,202.47,1518.525,1.6,2430
Recycling 170g,recycling,Matt,Recycling: 170g hochwertiger Qualitätsdruck auf Recyclingpapier weiß matt,4000,228.32,1712.4,1.6,2740
Recycling 170g,recycling,Matt,Recycling: 170g hochwertiger Qualitätsdruck auf Recyclingpapier weiß matt,5000,254.78,1910.85,1.6,3057
Recycling 170g,recycling,Matt,Recycling: 170g hochwertiger Qualitätsdruck auf Recyclingpapier weiß matt,6000,286.58,2149.35,1.5,3224
Recycling 170g,recycling,Matt,Recycling: 170g hochwertiger Qualitätsdruck auf Recyclingpapier weiß matt,7000,317.46,2380.95,1.5,3571
Recycling 170g,recycling,Matt,Recycling: 170g hochwertiger Qualitätsdruck auf Recyclingpapier weiß matt,8000,349.59,2621.925,1.5,3933
Recycling 170g,recycling,Matt,Recycling: 170g hochwertiger Qualitätsdruck auf Recyclingpapier weiß matt,9000,381.39,2860.425,1.5,4291
Recycling 170g,recycling,Matt,Recycling: 170g hochwertiger Qualitätsdruck auf Recyclingpapier weiß matt,10000,411.93,3089.475,1.5,4634
Recycling 170g,recycling,Matt,Recycling: 170g hochwertiger Qualitätsdruck auf Recyclingpapier weiß matt,15000,641.34,4810.05,1.5,7215
Recycling 170g,recycling,Matt,Recycling: 170g hochwertiger Qualitätsdruck auf Recyclingpapier weiß matt,20000,805.34,6040.05,1.4,8456
Recycling 300g,recycling,Matt,Recycling: 300g hochwertiger Qualitätsdruck auf Recyclingkarton weiß matt,50,29.93,224.475,1.6,359
Recycling 300g,recycling,Matt,Recycling: 300g hochwertiger Qualitätsdruck auf Recyclingkarton weiß matt,100,43.82,328.65,1.6,526
Recycling 300g,recycling,Matt,Recycling: 300g hochwertiger Qualitätsdruck auf Recyclingkarton weiß matt,250,53.58,401.85,1.6,643
Recycling 300g,recycling,Matt,Recycling: 300g hochwertiger Qualitätsdruck auf Recyclingkarton weiß matt,500,69.83,523.725,1.6,838
Recycling 300g,recycling,Matt,Recycling: 300g hochwertiger Qualitätsdruck auf Recyclingkarton weiß matt,1000,102.26,766.95,1.6,1227
Recycling 300g,recycling,Matt,Recycling: 300g hochwertiger Qualitätsdruck auf Recyclingkarton weiß matt,2500,199.48,1496.1,1.6,2394
Recycling 300g,recycling,Matt,Recycling: 300g hochwertiger Qualitätsdruck auf Recyclingkarton weiß matt,5000,360.55,2704.125,1.5,4056
Recycling 300g,recycling,Matt,Recycling: 300g hochwertiger Qualitätsdruck auf Recyclingkarton weiß matt,10000,677.88,5084.1,1.4,7118
Recycling 300g,recycling,Matt,Recycling: 300g hochwertiger Qualitätsdruck auf Recyclingkarton weiß matt,20000,1305.14,9788.55,1.4,13704
Recycling 80g,recycling,Matt,Recycling: 80g Qualitätsdruck auf hochwertigem Recyclingpapier weiß,50,28.12,210.9,1.6,337
Recycling 80g,recycling,Matt,Recycling: 80g Qualitätsdruck auf hochwertigem Recyclingpapier weiß,100,33.32,249.9,1.6,400
Recycling 80g,recycling,Matt,Recycling: 80g Qualitätsdruck auf hochwertigem Recyclingpapier weiß,250,44.48,333.6,1.6,534
Recycling 80g,recycling,Matt,Recycling: 80g Qualitätsdruck auf hochwertigem Recyclingpapier weiß,500,50.09,375.675,1.6,601
Recycling 80g,recycling,Matt,Recycling: 80g Qualitätsdruck auf hochwertigem Recyclingpapier weiß,1000,56.07,420.525,1.6,673
Recycling 80g,recycling,Matt,Recycling: 80g Qualitätsdruck auf hochwertigem Recyclingpapier weiß,1500,72.7,545.25,1.6,872
Recycling 80g,recycling,Matt,Recycling: 80g Qualitätsdruck auf hochwertigem Recyclingpapier weiß,2000,73.72,552.9,1.6,885
Recycling 80g,recycling,Matt,Recycling: 80g Qualitätsdruck auf hochwertigem Recyclingpapier weiß,2500,82.43,618.225,1.6,989
Recycling 80g,recycling,Matt,Recycling: 80g Qualitätsdruck auf hochwertigem Recyclingpapier weiß,3000,103.99,779.925,1.6,1248
Recycling 80g,recycling,Matt,Recycling: 80g Qualitätsdruck auf hochwertigem Recyclingpapier weiß,4000,113.98,854.85,1.6,1368
Recycling 80g,recycling,Matt,Recycling: 80g Qualitätsdruck auf hochwertigem Recyclingpapier weiß,5000,116.72,875.4,1.6,1401
Recycling 80g,recycling,Matt,Recycling: 80g Qualitätsdruck auf hochwertigem Recyclingpapier weiß,6000,166.08,1245.6,1.6,1993
Recycling 80g,recycling,Matt,Recycling: 80g Qualitätsdruck auf hochwertigem Recyclingpapier weiß,7000,188.17,1411.275,1.6,2258
Recycling 80g,recycling,Matt,Recycling: 80g Qualitätsdruck auf hochwertigem Recyclingpapier weiß,8000,207.14,1553.55,1.6,2486
Recycling 80g,recycling,Matt,Recycling: 80g Qualitätsdruck auf hochwertigem Recyclingpapier weiß,9000,211.08,1583.1,1.6,2533
Recycling 80g,recycling,Matt,Recycling: 80g Qualitätsdruck auf hochwertigem Recyclingpapier weiß,10000,215,1612.5,1.6,2580
Recycling 80g,recycling,Matt,Recycling: 80g Qualitätsdruck auf hochwertigem Recyclingpapier weiß,15000,314.72,2360.4,1.5,3541
Recycling 80g,recycling,Matt,Recycling: 80g Qualitätsdruck auf hochwertigem Recyclingpapier weiß,20000,410.38,3077.85,1.5,4617
UV-lak 135g,uv,UV-lak front,135g hochwertiger Qualitätsdruck mit einseitig exklusivem Hochglanz-UV-Lack,500,72.17,541.275,1.6,866
UV-lak 135g,uv,UV-lak front,135g hochwertiger Qualitätsdruck mit einseitig exklusivem Hochglanz-UV-Lack,1000,82.54,619.05,1.6,990
UV-lak 135g,uv,UV-lak front,135g hochwertiger Qualitätsdruck mit einseitig exklusivem Hochglanz-UV-Lack,1500,112.12,840.9,1.6,1345
UV-lak 135g,uv,UV-lak front,135g hochwertiger Qualitätsdruck mit einseitig exklusivem Hochglanz-UV-Lack,2000,118.21,886.575,1.6,1419
UV-lak 135g,uv,UV-lak front,135g hochwertiger Qualitätsdruck mit einseitig exklusivem Hochglanz-UV-Lack,2500,126.03,945.225,1.6,1512
UV-lak 135g,uv,UV-lak front,135g hochwertiger Qualitätsdruck mit einseitig exklusivem Hochglanz-UV-Lack,3000,130.35,977.625,1.6,1564
UV-lak 135g,uv,UV-lak front,135g hochwertiger Qualitätsdruck mit einseitig exklusivem Hochglanz-UV-Lack,4000,138.58,1039.35,1.6,1663
UV-lak 135g,uv,UV-lak front,135g hochwertiger Qualitätsdruck mit einseitig exklusivem Hochglanz-UV-Lack,5000,147.85,1108.875,1.6,1774
UV-lak 135g,uv,UV-lak front,135g hochwertiger Qualitätsdruck mit einseitig exklusivem Hochglanz-UV-Lack,6000,177.91,1334.325,1.6,2135
UV-lak 135g,uv,UV-lak front,135g hochwertiger Qualitätsdruck mit einseitig exklusivem Hochglanz-UV-Lack,7000,208.82,1566.15,1.6,2506
UV-lak 135g,uv,UV-lak front,135g hochwertiger Qualitätsdruck mit einseitig exklusivem Hochglanz-UV-Lack,8000,238.96,1792.2,1.6,2868
UV-lak 135g,uv,UV-lak front,135g hochwertiger Qualitätsdruck mit einseitig exklusivem Hochglanz-UV-Lack,9000,269.23,2019.225,1.5,3029
UV-lak 135g,uv,UV-lak front,135g hochwertiger Qualitätsdruck mit einseitig exklusivem Hochglanz-UV-Lack,10000,299.08,2243.1,1.5,3365
UV-lak 135g,uv,UV-lak front,135g hochwertiger Qualitätsdruck mit einseitig exklusivem Hochglanz-UV-Lack,15000,427.19,3203.925,1.5,4806
UV-lak 135g,uv,UV-lak front,135g hochwertiger Qualitätsdruck mit einseitig exklusivem Hochglanz-UV-Lack,20000,564.28,4232.1,1.5,6348
UV-lak 135g,uv,UV-lak front og bag,135g hochwertiger Qualitätsdruck mit beidseitig exklusivem Hochglanz-UV-Lack,500,82.98,622.35,1.6,996
UV-lak 135g,uv,UV-lak front og bag,135g hochwertiger Qualitätsdruck mit beidseitig exklusivem Hochglanz-UV-Lack,1000,94.93,711.975,1.6,1139
UV-lak 135g,uv,UV-lak front og bag,135g hochwertiger Qualitätsdruck mit beidseitig exklusivem Hochglanz-UV-Lack,1500,128.93,966.975,1.6,1547
UV-lak 135g,uv,UV-lak front og bag,135g hochwertiger Qualitätsdruck mit beidseitig exklusivem Hochglanz-UV-Lack,2000,135.93,1019.475,1.6,1631
UV-lak 135g,uv,UV-lak front og bag,135g hochwertiger Qualitätsdruck mit beidseitig exklusivem Hochglanz-UV-Lack,2500,144.93,1086.975,1.6,1739
UV-lak 135g,uv,UV-lak front og bag,135g hochwertiger Qualitätsdruck mit beidseitig exklusivem Hochglanz-UV-Lack,3000,149.89,1124.175,1.6,1799
UV-lak 135g,uv,UV-lak front og bag,135g hochwertiger Qualitätsdruck mit beidseitig exklusivem Hochglanz-UV-Lack,4000,159.38,1195.35,1.6,1913
UV-lak 135g,uv,UV-lak front og bag,135g hochwertiger Qualitätsdruck mit beidseitig exklusivem Hochglanz-UV-Lack,5000,170.05,1275.375,1.6,2041
UV-lak 135g,uv,UV-lak front og bag,135g hochwertiger Qualitätsdruck mit beidseitig exklusivem Hochglanz-UV-Lack,6000,204.59,1534.425,1.6,2455
UV-lak 135g,uv,UV-lak front og bag,135g hochwertiger Qualitätsdruck mit beidseitig exklusivem Hochglanz-UV-Lack,7000,240.17,1801.275,1.6,2882
UV-lak 135g,uv,UV-lak front og bag,135g hochwertiger Qualitätsdruck mit beidseitig exklusivem Hochglanz-UV-Lack,8000,274.82,2061.15,1.5,3092
UV-lak 135g,uv,UV-lak front og bag,135g hochwertiger Qualitätsdruck mit beidseitig exklusivem Hochglanz-UV-Lack,9000,309.62,2322.15,1.5,3483
UV-lak 135g,uv,UV-lak front og bag,135g hochwertiger Qualitätsdruck mit beidseitig exklusivem Hochglanz-UV-Lack,10000,343.96,2579.7,1.5,3870
UV-lak 135g,uv,UV-lak front og bag,135g hochwertiger Qualitätsdruck mit beidseitig exklusivem Hochglanz-UV-Lack,15000,491.27,3684.525,1.5,5527
UV-lak 135g,uv,UV-lak front og bag,135g hochwertiger Qualitätsdruck mit beidseitig exklusivem Hochglanz-UV-Lack,20000,648.91,4866.825,1.5,7300
UV-lak 250g,uv,UV-lak front,250g hochwertiger Qualitätsdruck mit einseitig exklusivem Hochglanz-UV-Lack,500,97.32,729.9,1.6,1168
UV-lak 250g,uv,UV-lak front,250g hochwertiger Qualitätsdruck mit einseitig exklusivem Hochglanz-UV-Lack,1000,116.76,875.7,1.6,1401
UV-lak 250g,uv,UV-lak front,250g hochwertiger Qualitätsdruck mit einseitig exklusivem Hochglanz-UV-Lack,1500,216.28,1622.1,1.6,2595
UV-lak 250g,uv,UV-lak front,250g hochwertiger Qualitätsdruck mit einseitig exklusivem Hochglanz-UV-Lack,2000,225.9,1694.25,1.6,2711
UV-lak 250g,uv,UV-lak front,250g hochwertiger Qualitätsdruck mit einseitig exklusivem Hochglanz-UV-Lack,2500,235.5,1766.25,1.6,2826
UV-lak 250g,uv,UV-lak front,250g hochwertiger Qualitätsdruck mit einseitig exklusivem Hochglanz-UV-Lack,3000,246.74,1850.55,1.6,2961
UV-lak 250g,uv,UV-lak front,250g hochwertiger Qualitätsdruck mit einseitig exklusivem Hochglanz-UV-Lack,4000,269.41,2020.575,1.5,3031
UV-lak 250g,uv,UV-lak front,250g hochwertiger Qualitätsdruck mit einseitig exklusivem Hochglanz-UV-Lack,5000,291.83,2188.725,1.5,3283
UV-lak 250g,uv,UV-lak front,250g hochwertiger Qualitätsdruck mit einseitig exklusivem Hochglanz-UV-Lack,6000,331.25,2484.375,1.5,3727
UV-lak 250g,uv,UV-lak front,250g hochwertiger Qualitätsdruck mit einseitig exklusivem Hochglanz-UV-Lack,7000,371.28,2784.6,1.5,4177
UV-lak 250g,uv,UV-lak front,250g hochwertiger Qualitätsdruck mit einseitig exklusivem Hochglanz-UV-Lack,8000,411.47,3086.025,1.5,4629
UV-lak 250g,uv,UV-lak front,250g hochwertiger Qualitätsdruck mit einseitig exklusivem Hochglanz-UV-Lack,9000,450.5,3378.75,1.5,5068
UV-lak 250g,uv,UV-lak front,250g hochwertiger Qualitätsdruck mit einseitig exklusivem Hochglanz-UV-Lack,10000,490.55,3679.125,1.5,5519
UV-lak 250g,uv,UV-lak front,250g hochwertiger Qualitätsdruck mit einseitig exklusivem Hochglanz-UV-Lack,15000,772.78,5795.85,1.4,8114
UV-lak 250g,uv,UV-lak front,250g hochwertiger Qualitätsdruck mit einseitig exklusivem Hochglanz-UV-Lack,20000,1102.85,8271.375,1.4,11580
UV-lak 250g,uv,UV-lak front og bag,250g hochwertiger Qualitätsdruck mit beidseitig exklusivem Hochglanz-UV-Lack,500,111.92,839.4,1.6,1343
UV-lak 250g,uv,UV-lak front og bag,250g hochwertiger Qualitätsdruck mit beidseitig exklusivem Hochglanz-UV-Lack,1000,134.28,1007.1,1.6,1611
UV-lak 250g,uv,UV-lak front og bag,250g hochwertiger Qualitätsdruck mit beidseitig exklusivem Hochglanz-UV-Lack,1500,248.72,1865.4,1.6,2985
UV-lak 250g,uv,UV-lak front og bag,250g hochwertiger Qualitätsdruck mit beidseitig exklusivem Hochglanz-UV-Lack,2000,259.78,1948.35,1.6,3117
UV-lak 250g,uv,UV-lak front og bag,250g hochwertiger Qualitätsdruck mit beidseitig exklusivem Hochglanz-UV-Lack,2500,270.83,2031.225,1.5,3047
UV-lak 250g,uv,UV-lak front og bag,250g hochwertiger Qualitätsdruck mit beidseitig exklusivem Hochglanz-UV-Lack,3000,283.74,2128.05,1.5,3192
UV-lak 250g,uv,UV-lak front og bag,250g hochwertiger Qualitätsdruck mit beidseitig exklusivem Hochglanz-UV-Lack,4000,309.81,2323.575,1.5,3485
UV-lak 250g,uv,UV-lak front og bag,250g hochwertiger Qualitätsdruck mit beidseitig exklusivem Hochglanz-UV-Lack,5000,335.61,2517.075,1.5,3776
UV-lak 250g,uv,UV-lak front og bag,250g hochwertiger Qualitätsdruck mit beidseitig exklusivem Hochglanz-UV-Lack,6000,380.94,2857.05,1.5,4286
UV-lak 250g,uv,UV-lak front og bag,250g hochwertiger Qualitätsdruck mit beidseitig exklusivem Hochglanz-UV-Lack,7000,426.97,3202.275,1.5,4803
UV-lak 250g,uv,UV-lak front og bag,250g hochwertiger Qualitätsdruck mit beidseitig exklusivem Hochglanz-UV-Lack,8000,473.18,3548.85,1.5,5323
UV-lak 250g,uv,UV-lak front og bag,250g hochwertiger Qualitätsdruck mit beidseitig exklusivem Hochglanz-UV-Lack,9000,518.1,3885.75,1.5,5829
UV-lak 250g,uv,UV-lak front og bag,250g hochwertiger Qualitätsdruck mit beidseitig exklusivem Hochglanz-UV-Lack,10000,564.12,4230.9,1.5,6346
UV-lak 250g,uv,UV-lak front og bag,250g hochwertiger Qualitätsdruck mit beidseitig exklusivem Hochglanz-UV-Lack,15000,888.71,6665.325,1.4,9331
UV-lak 250g,uv,UV-lak front og bag,250g hochwertiger Qualitätsdruck mit beidseitig exklusivem Hochglanz-UV-Lack,20000,1268.25,9511.875,1.4,13317
